17:09:28.419;->;/;971000;99935.52;39.50;39.05;39.200839;-8.137173;122.00;0.98;9.75;0;0;99962.31;99959.62;1*/;;;;;;;;;;;
17:09:29.446;->;/;972000;99934.96;39.50;39.06;39.200839;-8.137173;121.90;0.98;9.75;0;0;99961.83;99958.18;1*/;;;;;;;;;;;
17:09:30.419;->;/;973000;99934.59;39.50;39.06;39.200841;-8.137171;122.00;0.98;9.77;0;0;99961.38;99959.70;1*/;;;;;;;;;;;
17:09:31.418;->;/;974000;99934.05;39.50;39.06;39.200842;-8.137168;122.20;0.98;9.76;0;0;99960.19;99955.65;1*/;;;;;;;;;;;
17:09:32.418;->;/;975000;99934.62;39.50;39.07;39.200842;-8.137167;122.10;0.98;9.75;0;0;99963.51;99961.05;1*/;;;;;;;;;;;
17:09:33.420;->;/;976000;99935.17;39.50;39.07;39.200842;-8.137167;122.20;1.01;9.77;0;0;99961.85;99959.38;1*/;;;;;;;;;;;
17:09:34.418;->;/;977000;99935.54;39.50;39.08;39.200840;-8.137168;122.00;0.98;9.77;0;0;99963.83;99960.66;1*/;;;;;;;;;;;
17:09:35.419;->;/;978000;99935.81;39.50;39.08;39.200839;-8.137168;121.90;0.98;9.75;0;0;99961.64;99959.59;1*/;;;;;;;;;;;
17:09:36.419;->;/;979000;99935.88;39.50;39.08;39.200838;-8.137169;121.80;1.04;9.76;0;0;99963.21;99959.01;1*/;;;;;;;;;;;
17:09:37.418;->;/;980000;99936.42;39.50;39.09;39.200837;-8.137169;121.80;0.98;9.76;0;0;99962.22;99959.60;1*/;;;;;;;;;;;
17:09:38.419;->;/;981000;99936.72;39.50;39.10;39.200837;-8.137169;121.80;0.98;9.76;0;0;99963.12;99960.35;1*/;;;;;;;;;;;
17:09:39.419;->;/;982000;99937.82;39.50;39.10;39.200836;-8.137169;121.70;0.98;9.77;0;0;99963.13;99960.39;1*/;;;;;;;;;;;
17:09:40.419;->;/;983000;99938.81;39.50;39.11;39.200836;-8.137169;121.70;0.98;9.77;0;0;99965.01;99961.89;1*/;;;;;;;;;;;
17:09:41.419;->;/;984000;99939.06;39.50;39.11;39.200836;-8.137170;121.70;0.98;9.77;0;0;99965.04;99959.24;1*/;;;;;;;;;;;
17:09:42.418;->;/;985000;99939.52;39.50;39.12;39.200835;-8.137171;121.60;0.98;9.76;0;0;99965.27;99960.48;1*/;;;;;;;;;;;
17:09:43.419;->;/;986000;99939.43;39.50;39.12;39.200836;-8.137169;121.80;0.98;9.75;0;0;99964.45;99959.14;1*/;;;;;;;;;;;
17:09:44.419;->;/;987000;99939.07;39.50;39.13;39.200838;-8.137168;121.70;0.98;9.75;0;0;99964.82;99959.85;1*/;;;;;;;;;;;
17:09:45.419;->;/;988000;99939.30;39.50;39.13;39.200838;-8.137169;121.60;0.98;9.76;0;0;99965.08;99961.21;1*/;;;;;;;;;;;
17:09:46.418;->;/;989000;99939.06;39.50;39.13;39.200836;-8.137170;121.30;0.98;9.76;0;0;99965.99;99959.95;1*/;;;;;;;;;;;
17:09:47.419;->;/;990000;99938.97;39.50;39.13;39.200835;-8.137170;121.30;0.98;9.75;0;0;99965.01;99960.12;1*/;;;;;;;;;;;
17:09:48.418;->;/;991000;99938.68;39.50;39.14;39.200836;-8.137168;121.40;0.98;9.76;0;0;99964.13;99958.20;1*/;;;;;;;;;;;
17:09:49.418;->;/;992000;99938.32;39.50;39.14;39.200836;-8.137168;121.30;0.98;9.75;0;0;99964.97;99958.77;1*/;;;;;;;;;;;
17:09:50.418;->;/;993000;99938.76;39.50;39.15;39.200835;-8.137169;121.20;0.98;9.76;0;0;99965.80;99959.32;1*/;;;;;;;;;;;
17:09:51.418;->;/;994000;99938.62;39.50;39.15;39.200835;-8.137169;121.20;0.98;9.76;0;0;99965.30;99959.80;1*/;;;;;;;;;;;
17:09:52.419;->;/;995000;99939.46;39.50;39.15;39.200833;-8.137171;120.90;0.98;9.77;0;0;99966.92;99960.15;1*/;;;;;;;;;;;
17:09:53.418;->;/;996000;99939.92;39.50;39.16;39.200833;-8.137171;120.90;0.98;9.75;0;0;99965.35;99961.13;1*/;;;;;;;;;;;
17:09:54.419;->;/;997000;99939.75;39.50;39.17;39.200831;-8.137172;120.60;0.98;9.76;0;0;99966.44;99960.67;1*/;;;;;;;;;;;
17:09:55.419;->;/;998000;99939.92;39.50;39.17;39.200830;-8.137173;120.50;0.98;9.76;0;0;99966.26;99959.77;1*/;;;;;;;;;;;
17:09:56.418;->;/;999000;99940.30;39.50;39.18;39.200829;-8.137173;120.30;0.98;9.75;0;0;99967.44;99960.27;1*/;;;;;;;;;;;
17:09:57.418;->;/;1000000;99939.01;39.50;39.18;39.200827;-8.137173;119.80;0.98;9.75;0;0;99963.58;99959.02;1*/;;;;;;;;;;;
17:09:58.418;->;/;1001000;99939.49;39.50;39.18;39.200826;-8.137172;119.80;0.98;9.75;0;0;99966.16;99960.97;1*/;;;;;;;;;;;
17:09:59.418;->;/;1002000;99939.79;39.50;39.19;39.200825;-8.137172;119.70;0.98;9.78;0;0;99967.47;99960.44;1*/;;;;;;;;;;;
17:10:00.418;->;/;1003000;99939.35;39.50;39.19;39.200825;-8.137173;119.60;0.98;9.77;0;0;99966.16;99959.21;1*/;;;;;;;;;;;
17:10:01.418;->;/;1004000;99940.28;39.50;39.20;39.200827;-8.137175;119.60;0.98;9.76;0;0;99965.57;99958.41;1*/;;;;;;;;;;;
17:10:02.418;->;/;1005000;99938.94;39.50;39.20;39.200827;-8.137175;119.60;0.98;9.77;0;0;99965.84;99958.73;1*/;;;;;;;;;;;
17:10:03.418;->;/;1006000;99938.53;39.50;39.20;39.200826;-8.137175;119.60;0.98;9.76;0;0;99963.91;99957.84;1*/;;;;;;;;;;;
17:10:04.418;->;/;1007000;99937.90;39.50;39.21;39.200826;-8.137173;119.70;0.98;9.75;0;0;99965.38;99957.45;1*/;;;;;;;;;;;
17:10:05.418;->;/;1008000;99937.60;39.50;39.21;39.200824;-8.137174;119.40;0.98;9.75;0;0;99966.02;99956.98;1*/;;;;;;;;;;;
17:10:06.461;->;.92;;99958.11;1*/;;;;;;;;;;;;;;;;;;;;;;
17:10:07.418;->;/;1010000;99937.90;39.50;39.22;39.200822;-8.137177;119.10;0.98;9.75;0;0;99966.60;99958.75;1*/;;;;;;;;;;;
17:10:08.418;->;/;1011000;99937.96;39.50;39.22;39.200823;-8.137174;119.60;0.98;9.76;0;0;99967.20;99958.84;1*/;;;;;;;;;;;
17:10:09.418;->;/;1012000;99937.89;39.50;39.23;39.200823;-8.137172;119.80;0.98;9.76;0;0;99967.68;99960.08;1*/;;;;;;;;;;;
17:10:10.418;->;/;1013000;99938.71;39.50;39.23;39.200823;-8.137171;119.80;0.98;9.75;0;0;99968.55;99959.67;1*/;;;;;;;;;;;
17:10:11.418;->;/;1014000;99938.74;39.50;39.23;39.200821;-8.137172;119.40;0.98;9.76;0;0;99966.76;99961.39;1*/;;;;;;;;;;;
17:10:12.418;->;/;1015000;99939.51;39.50;39.24;39.200821;-8.137172;119.40;0.98;9.75;0;0;99968.36;99961.20;1*/;;;;;;;;;;;
17:10:13.418;->;/;1016000;99940.10;39.50;39.25;39.200819;-8.137173;119.20;1.04;9.75;0;0;99967.50;99960.91;1*/;;;;;;;;;;;
17:10:14.418;->;/;1017000;99940.30;39.50;39.25;39.200818;-8.137174;119.00;0.98;9.78;0;0;99967.66;99959.84;1*/;;;;;;;;;;;
17:10:15.418;->;/;1018000;99940.88;39.50;39.25;39.200817;-8.137175;118.90;0.98;9.75;0;0;99967.36;99959.93;1*/;;;;;;;;;;;
17:10:16.418;->;/;1019000;99940.38;39.50;39.26;39.200816;-8.137175;118.70;0.98;9.75;0;0;99966.42;99959.72;1*/;;;;;;;;;;;
17:10:17.417;->;/;1020000;99940.36;39.50;39.27;39.200817;-8.137175;118.80;0.98;9.76;0;0;99966.93;99960.52;1*/;;;;;;;;;;;
17:10:18.418;->;/;1021000;99940.19;39.50;39.27;39.200816;-8.137176;118.70;0.98;9.75;0;0;99965.90;99960.15;1*/;;;;;;;;;;;
17:10:19.418;->;/;1022000;99939.81;39.50;39.27;39.200815;-8.137176;118.60;0.98;9.74;0;0;99965.65;99960.69;1*/;;;;;;;;;;;
17:10:20.418;->;/;1023000;99940.34;39.50;39.27;39.200813;-8.137178;118.30;0.98;9.77;0;0;99966.83;99961.84;1*/;;;;;;;;;;;
17:10:21.417;->;/;1024000;99940.53;39.50;39.28;39.200810;-8.137180;117.90;0.98;9.77;0;0;99967.30;99963.63;1*/;;;;;;;;;;;
17:10:22.418;->;/;1025000;99941.37;39.50;39.28;39.200809;-8.137180;117.70;0.98;9.76;0;0;99969.24;99961.92;1*/;;;;;;;;;;;
17:10:23.418;->;/;1026000;99941.48;39.50;39.29;39.200809;-8.137181;117.60;0.98;9.75;0;0;99968.10;99963.35;1*/;;;;;;;;;;;
17:10:24.417;->;/;1027000;99941.47;39.50;39.29;39.200808;-8.137182;117.60;0.98;9.75;0;0;99967.93;99963.34;1*/;;;;;;;;;;;
17:10:25.418;->;/;1028000;99941.91;39.50;39.29;39.200810;-8.137181;117.80;0.98;9.75;0;0;99968.28;99962.25;1*/;;;;;;;;;;;
17:10:26.418;->;/;1029000;99941.79;39.50;39.30;39.200809;-8.137181;117.80;0.98;9.75;0;0;99969.10;99964.11;1*/;;;;;;;;;;;
17:10:27.417;->;/;1030000;99941.92;39.50;39.30;39.200808;-8.137181;117.70;0.98;9.76;0;0;99968.52;99963.10;1*/;;;;;;;;;;;
17:10:28.417;->;/;1031000;99941.85;39.50;39.30;39.200808;-8.137182;117.70;0.98;9.75;0;0;99967.26;99962.66;1*/;;;;;;;;;;;
17:10:29.417;->;/;1032000;99941.16;39.50;39.31;39.200808;-8.137181;117.90;0.98;9.76;0;0;99967.16;99961.91;1*/;;;;;;;;;;;
17:10:30.418;->;/;1033000;99940.95;39.50;39.32;39.200808;-8.137181;117.90;0.98;9.78;0;0;99966.93;99960.17;1*/;;;;;;;;;;;
17:10:31.417;->;/;1034000;99940.69;39.50;39.32;39.200807;-8.137181;117.90;0.98;9.75;0;0;99966.34;99961.23;1*/;;;;;;;;;;;
17:10:32.417;->;/;1035000;99940.57;39.50;39.32;39.200807;-8.137181;117.90;0.98;9.75;0;0;99967.16;99961.62;1*/;;;;;;;;;;;
17:10:33.417;->;/;1036000;99940.50;39.50;39.33;39.200807;-8.137182;117.80;1.01;9.75;0;0;99965.82;99961.59;1*/;;;;;;;;;;;
17:10:34.417;->;/;1037000;99940.08;39.50;39.33;39.200806;-8.137182;117.70;0.98;9.76;0;0;99966.99;99961.78;1*/;;;;;;;;;;;
17:10:35.417;->;/;1038000;99939.89;39.50;39.34;39.200807;-8.137182;117.80;0.98;9.77;0;0;99965.90;99960.33;1*/;;;;;;;;;;;
17:10:36.417;->;/;1039000;99939.54;39.50;39.34;39.200807;-8.137183;117.60;0.98;9.75;0;0;99965.84;99960.85;1*/;;;;;;;;;;;
17:10:37.418;->;/;1040000;99940.05;39.50;39.34;39.200807;-8.137184;117.50;0.98;9.75;0;0;99967.36;99962.84;1*/;;;;;;;;;;;
17:10:38.417;->;/;1041000;99940.34;39.50;39.34;39.200803;-8.137190;116.60;0.98;9.76;0;0;99968.96;99962.12;1*/;;;;;;;;;;;
17:10:39.418;->;/;1042000;99940.51;39.50;39.35;39.200802;-8.137193;116.30;0.98;9.76;0;0;99968.52;99963.12;1*/;;;;;;;;;;;
17:10:40.417;->;/;1043000;99940.22;39.50;39.35;39.200803;-8.137192;116.50;0.98;9.76;0;0;99967.84;99962.77;1*/;;;;;;;;;;;
17:10:41.417;->;/;1044000;99938.80;39.50;39.36;39.200802;-8.137194;116.30;0.98;9.76;0;0;99966.40;99960.64;1*/;;;;;;;;;;;
17:10:42.417;->;/;1045000;99938.34;39.50;39.36;39.200801;-8.137192;116.40;0.98;9.75;0;0;99967.99;99960.22;1*/;;;;;;;;;;;
17:10:43.417;->;/;1046000;99937.97;39.50;39.37;39.200802;-8.137190;116.80;0.98;9.77;0;0;99967.56;99961.32;1*/;;;;;;;;;;;
17:10:44.417;->;/;1047000;99938.30;39.50;39.37;39.200803;-8.137188;117.00;0.98;9.75;0;0;99967.73;99963.14;1*/;;;;;;;;;;;
17:10:45.417;->;/;1048000;99938.35;39.50;39.37;39.200804;-8.137187;117.30;0.98;9.77;0;0;99967.70;99961.10;1*/;;;;;;;;;;;
17:10:46.417;->;/;1049000;99937.96;39.50;39.38;39.200805;-8.137187;117.30;0.98;9.76;0;0;99966.36;99960.96;1*/;;;;;;;;;;;
17:10:47.416;->;/;1050000;99937.62;39.50;39.38;39.200806;-8.137188;117.40;0.98;9.77;0;0;99966.64;99960.67;1*/;;;;;;;;;;;
17:10:48.417;->;/;1051000;99936.56;39.50;39.39;39.200805;-8.137188;117.30;0.98;9.74;0;0;99965.90;99959.84;1*/;;;;;;;;;;;
17:10:49.417;->;/;1052000;99936.61;39.50;39.39;39.200805;-8.137188;117.30;0.98;9.76;0;0;99967.48;99960.98;1*/;;;;;;;;;;;
17:10:50.417;->;/;1053000;99936.39;39.50;39.39;39.200806;-8.137188;117.40;0.98;9.76;0;0;99965.38;99960.65;1*/;;;;;;;;;;;
17:10:51.417;->;/;1054000;99936.04;39.50;39.40;39.200806;-8.137188;117.30;0.98;9.76;0;0;99964.81;99959.98;1*/;;;;;;;;;;;
17:10:52.417;->;/;1055000;99936.36;39.50;39.40;39.200806;-8.137188;117.30;0.98;9.75;0;0;99965.23;99960.75;1*/;;;;;;;;;;;
17:10:53.417;->;/;1056000;99935.95;39.50;39.40;39.200807;-8.137188;117.40;0.98;9.75;0;0;99962.95;99959.09;1*/;;;;;;;;;;;
17:10:54.416;->;/;1057000;99935.45;40.00;39.41;39.200808;-8.137187;117.60;0.98;9.77;0;0;99964.86;99960.64;1*/;;;;;;;;;;;
17:10:55.417;->;/;1058000;99935.16;39.50;39.41;39.200808;-8.137187;117.50;1.01;9.78;0;0;99966.90;99960.24;1*/;;;;;;;;;;;
17:10:56.416;->;/;1059000;99935.24;39.50;39.41;39.200810;-8.137191;117.20;0.98;9.75;0;0;99967.01;99962.04;1*/;;;;;;;;;;;
17:10:57.416;->;/;1060000;99935.24;39.50;39.42;39.200813;-8.137190;117.70;0.98;9.75;0;0;99967.16;99961.63;1*/;;;;;;;;;;;
17:10:58.417;->;/;1061000;99935.37;39.50;39.42;39.200814;-8.137190;117.70;0.98;9.75;0;0;99967.57;99960.59;1*/;;;;;;;;;;;
17:10:59.416;->;/;1062000;99935.84;40.00;39.43;39.200815;-8.137187;117.90;0.98;9.77;0;0;99967.54;99961.16;1*/;;;;;;;;;;;
17:11:00.417;->;/;1063000;99935.66;39.50;39.43;39.200818;-8.137182;117.90;0.98;9.76;0;0;99967.43;99961.20;1*/;;;;;;;;;;;
17:11:01.417;->;/;1064000;99936.27;39.50;39.43;39.200820;-8.137179;118.10;0.98;9.76;0;0;99969.34;99961.19;1*/;;;;;;;;;;;
17:11:02.416;->;/;1065000;99936.81;40.00;39.44;39.200820;-8.137179;118.00;0.98;9.75;0;0;99968.80;99963.52;1*/;;;;;;;;;;;
17:11:03.416;->;/;1066000;99936.67;39.50;39.45;39.200823;-8.137182;118.30;0.98;9.76;0;0;99968.11;99962.56;1*/;;;;;;;;;;;
17:11:04.416;->;/;1067000;99936.68;39.50;39.45;39.200826;-8.137179;118.80;0.98;9.76;0;0;99968.05;99962.40;1*/;;;;;;;;;;;
17:11:05.416;->;/;1068000;99936.30;40.00;39.45;39.200827;-8.137178;119.10;0.98;9.76;0;0;99966.84;99960.57;1*/;;;;;;;;;;;
17:11:06.416;->;/;1069000;99935.88;39.50;39.46;39.200828;-8.137178;119.20;1.04;9.76;0;0;99967.18;99960.98;1*/;;;;;;;;;;;
17:11:07.417;->;/;1070000;99934.94;39.50;39.46;39.200829;-8.137177;119.40;0.98;9.76;0;0;99963.83;99957.48;1*/;;;;;;;;;;;
17:11:08.417;->;/;1071000;99934.65;39.50;39.46;39.200830;-8.137176;119.60;0.98;9.76;0;0;99963.93;99958.13;1*/;;;;;;;;;;;
17:11:09.417;->;/;1072000;99933.78;40.00;39.47;39.200831;-8.137175;119.70;0.98;9.77;0;0;99963.84;99956.96;1*/;;;;;;;;;;;
17:11:10.416;->;/;1073000;99933.33;40.00;39.47;39.200831;-8.137177;119.60;0.98;9.75;0;0;99963.54;99958.19;1*/;;;;;;;;;;;
17:11:11.416;->;/;1074000;99933.46;40.00;39.47;39.200830;-8.137177;119.60;0.98;9.75;0;0;99965.63;99958.77;1*/;;;;;;;;;;;
17:11:12.416;->;/;1075000;99933.36;39.50;39.48;39.200830;-8.137178;119.50;0.98;9.77;0;0;99964.78;99957.98;1*/;;;;;;;;;;;
17:11:13.416;->;/;1076000;99933.77;40.00;39.48;39.200830;-8.137177;119.70;0.98;9.74;0;0;99965.50;99960.85;1*/;;;;;;;;;;;
17:11:14.417;->;/;1077000;99932.50;40.00;39.48;39.200831;-8.137176;119.90;0.98;9.75;0;0;99962.28;99957.65;1*/;;;;;;;;;;;
17:11:15.416;->;/;1078000;99932.94;40.00;39.49;39.200831;-8.137177;119.90;0.98;9.76;0;0;99965.39;99958.88;1*/;;;;;;;;;;;
17:11:16.416;->;/;1079000;99933.04;40.00;39.49;39.200831;-8.137176;120.00;0.98;9.76;0;0;99967.85;99961.83;1*/;;;;;;;;;;;
17:11:17.416;->;/;1080000;99933.28;40.00;39.50;39.200833;-8.137173;120.30;0.98;9.76;0;0;99967.04;99961.88;1*/;;;;;;;;;;;
17:11:18.417;->;/;1081000;99934.83;40.00;39.50;39.200834;-8.137172;120.50;0.98;9.75;0;0;99967.02;99961.53;1*/;;;;;;;;;;;
17:11:19.417;->;/;1082000;99935.10;40.00;39.51;39.200834;-8.137171;120.50;0.98;9.76;0;0;99967.23;99963.86;1*/;;;;;;;;;;;
17:11:20.416;->;/;1083000;99935.51;40.00;39.51;39.200836;-8.137170;120.70;0.98;9.75;0;0;99967.55;99962.91;1*/;;;;;;;;;;;
17:11:21.417;->;/;1084000;99935.12;40.00;39.51;39.200838;-8.137167;121.10;1.04;9.75;0;0;99967.54;99961.52;1*/;;;;;;;;;;;
17:11:22.416;->;/;1085000;99935.01;39.50;39.52;39.200839;-8.137165;121.20;0.98;9.76;0;0;99966.11;99961.57;1*/;;;;;;;;;;;
17:11:23.415;->;/;1086000;99934.54;40.00;39.52;39.200840;-8.137164;121.20;0.98;9.75;0;0;99965.80;99959.76;1*/;;;;;;;;;;;
17:11:24.417;->;/;1087000;99934.27;40.00;39.52;39.200840;-8.137164;121.30;0.98;9.74;0;0;99966.34;99961.00;1*/;;;;;;;;;;;
17:11:25.417;->;/;1088000;99934.90;40.00;39.53;39.200841;-8.137163;121.30;0.98;9.76;0;0;99968.97;99963.13;1*/;;;;;;;;;;;
17:11:26.416;->;/;1089000;99935.07;40.00;39.53;39.200841;-8.137163;121.40;0.98;9.76;0;0;99968.16;99961.94;1*/;;;;;;;;;;;
17:11:27.416;->;/;1090000;99935.25;40.00;39.54;39.200841;-8.137162;121.40;0.98;9.76;0;0;99965.25;99959.65;1*/;;;;;;;;;;;
17:11:28.416;->;/;1091000;99934.83;40.00;39.54;39.200842;-8.137162;121.50;0.98;9.75;0;0;99965.13;99959.83;1*/;;;;;;;;;;;
17:11:29.416;->;/;1092000;99933.75;40.00;39.54;39.200842;-8.137163;121.40;0.98;9.76;0;0;99965.69;99960.49;1*/;;;;;;;;;;;
17:11:30.416;->;/;1093000;99932.87;40.00;39.55;39.200841;-8.137164;121.30;0.98;9.76;0;0;99964.34;99958.33;1*/;;;;;;;;;;;
17:11:31.416;->;/;1094000;99932.90;40.00;39.56;39.200841;-8.137164;121.40;1.01;9.75;0;0;99965.12;99961.02;1*/;;;;;;;;;;;
17:11:32.459;->;.67;;99961.15;1*/;;;;;;;;;;;;;;;;;;;;;;
17:11:33.416;->;/;1096000;99933.41;40.00;39.56;39.200842;-8.137161;121.70;0.98;9.75;0;0;99966.51;99960.84;1*/;;;;;;;;;;;
17:11:34.415;->;/;1097000;99933.82;40.00;39.57;39.200843;-8.137161;121.80;0.98;9.76;0;0;99963.73;99960.29;1*/;;;;;;;;;;;
17:11:35.416;->;/;1098000;99933.24;40.00;39.57;39.200842;-8.137158;121.70;0.98;9.75;0;0;99964.77;99959.73;1*/;;;;;;;;;;;
17:11:36.416;->;/;1099000;99932.56;40.00;39.58;39.200843;-8.137158;121.80;0.98;9.76;0;0;99963.46;99959.66;1*/;;;;;;;;;;;
17:11:37.416;->;/;1100000;99932.32;40.00;39.58;39.200844;-8.137159;121.90;0.98;9.76;0;0;99962.05;99957.99;1*/;;;;;;;;;;;
17:11:38.415;->;/;1101000;99931.73;40.00;39.58;39.200844;-8.137159;122.00;0.98;9.75;0;0;99963.05;99961.40;1*/;;;;;;;;;;;
17:11:39.415;->;/;1102000;99932.19;40.00;39.58;39.200844;-8.137159;122.00;0.98;9.77;0;0;99964.46;99961.25;1*/;;;;;;;;;;;
17:11:40.416;->;/;1103000;99933.00;40.00;39.59;39.200844;-8.137158;122.20;1.04;9.75;0;0;99967.54;99962.84;1*/;;;;;;;;;;;
17:11:41.415;->;/;1104000;99933.38;40.00;39.59;39.200844;-8.137159;122.20;0.98;9.77;0;0;99965.24;99961.95;1*/;;;;;;;;;;;
17:11:42.415;->;/;1105000;99933.45;40.00;39.60;39.200843;-8.137160;122.20;0.98;9.77;0;0;99963.23;99960.14;1*/;;;;;;;;;;;
17:11:43.416;->;/;1106000;99933.71;40.00;39.60;39.200844;-8.137160;122.00;0.98;9.78;0;0;99966.53;99963.59;1*/;;;;;;;;;;;
17:11:44.415;->;/;1107000;99933.16;40.00;39.61;39.200844;-8.137160;122.00;0.98;9.76;0;0;99963.34;99960.20;1*/;;;;;;;;;;;
17:11:45.416;->;/;1108000;99934.22;40.00;39.61;39.200843;-8.137159;122.10;0.98;9.75;0;0;99966.34;99963.87;1*/;;;;;;;;;;;
17:11:46.416;->;/;1109000;99935.36;40.00;39.61;39.200844;-8.137158;122.40;0.92;9.77;0;0;99965.13;99961.40;1*/;;;;;;;;;;;
17:11:47.416;->;/;1110000;99935.60;40.00;39.62;39.200845;-8.137157;122.60;0.98;9.75;0;0;99966.26;99964.59;1*/;;;;;;;;;;;
17:11:48.415;->;/;1111000;99936.50;40.00;39.62;39.200845;-8.137157;122.60;0.98;9.74;0;0;99966.30;99964.06;1*/;;;;;;;;;;;
17:11:49.415;->;/;1112000;99936.07;40.00;39.62;39.200845;-8.137158;122.60;0.98;9.75;0;0;99965.96;99964.06;1*/;;;;;;;;;;;
17:11:50.415;->;/;1113000;99935.89;40.00;39.63;39.200846;-8.137157;122.90;0.98;9.77;0;0;99966.27;99962.27;1*/;;;;;;;;;;;
17:11:51.416;->;/;1114000;99935.50;40.00;39.63;39.200846;-8.137156;122.90;0.98;9.75;0;0;99965.26;99962.13;1*/;;;;;;;;;;;
17:11:52.416;->;/;1115000;99935.03;40.00;39.64;39.200846;-8.137157;122.90;0.98;9.76;0;0;99965.05;99963.05;1*/;;;;;;;;;;;
17:11:53.415;->;/;1116000;99935.03;40.00;39.64;39.200845;-8.137157;122.80;0.98;9.74;0;0;99965.48;99965.20;1*/;;;;;;;;;;;
17:11:54.415;->;/;1117000;99935.73;40.00;39.64;39.200844;-8.137158;122.50;0.98;9.76;0;0;99965.59;99964.75;1*/;;;;;;;;;;;
17:11:55.415;->;/;1118000;99936.05;40.00;39.65;39.200843;-8.137162;122.30;0.98;9.75;0;0;99964.77;99963.45;1*/;;;;;;;;;;;
17:11:56.415;->;/;1119000;99936.47;40.00;39.66;39.200841;-8.137164;122.10;0.98;9.75;0;0;99965.71;99965.19;1*/;;;;;;;;;;;
17:11:57.415;->;/;1120000;99935.77;40.00;39.66;39.200840;-8.137165;121.90;0.98;9.76;0;0;99960.52;99959.60;1*/;;;;;;;;;;;
17:11:58.415;->;/;1121000;99934.74;40.00;39.66;39.200839;-8.137165;121.80;0.98;9.75;0;0;99963.29;99962.91;1*/;;;;;;;;;;;
17:11:59.415;->;/;1122000;99934.94;40.00;39.67;39.200839;-8.137163;122.10;0.98;9.74;0;0;99965.06;99964.19;1*/;;;;;;;;;;;
17:12:00.415;->;/;1123000;99935.12;40.00;39.67;39.200840;-8.137160;122.40;0.98;9.75;0;0;99965.47;99965.16;1*/;;;;;;;;;;;
17:12:01.415;->;/;1124000;99934.78;40.00;39.67;39.200839;-8.137159;122.30;0.92;9.75;0;0;99962.16;99962.14;1*/;;;;;;;;;;;
17:12:02.415;->;/;1125000;99934.90;40.00;39.68;39.200838;-8.137160;122.10;0.98;9.74;0;0;99962.63;99962.95;1*/;;;;;;;;;;;
17:12:03.414;->;/;1126000;99934.36;40.00;39.68;39.200838;-8.137160;122.20;0.92;9.75;0;0;99964.93;99964.31;1*/;;;;;;;;;;;
17:12:04.414;->;/;1127000;99934.18;40.00;39.69;39.200838;-8.137160;122.20;0.98;9.77;0;0;99965.49;99963.49;1*/;;;;;;;;;;;
17:12:05.415;->;/;1128000;99934.39;40.00;39.69;39.200837;-8.137161;122.10;0.98;9.75;0;0;99962.99;99962.10;1*/;;;;;;;;;;;
17:12:06.415;->;/;1129000;99934.07;40.00;39.69;39.200836;-8.137161;122.00;0.98;9.74;0;0;99965.13;99963.24;1*/;;;;;;;;;;;
17:12:07.414;->;/;1130000;99933.49;40.00;39.69;39.200836;-8.137161;122.10;0.98;9.75;0;0;99962.77;99962.32;1*/;;;;;;;;;;;
17:12:08.415;->;/;1131000;99932.77;40.00;39.70;39.200830;-8.137170;121.00;0.98;9.74;0;0;99962.51;99962.90;1*/;;;;;;;;;;;
17:12:09.414;->;/;1132000;99934.24;40.00;39.70;39.200829;-8.137170;121.00;0.98;9.76;0;0;99966.59;99965.34;1*/;;;;;;;;;;;
17:12:10.417;->;/;1133000;99935.92;40.00;39.71;39.200830;-8.137170;120.90;0.98;9.76;0;0;99968.73;99967.54;1*/;;;;;;;;;;;
17:12:11.415;->;/;1134000;99936.47;40.00;39.71;39.200829;-8.137171;120.80;0.98;9.76;0;0;99965.74;99964.80;1*/;;;;;;;;;;;
17:12:12.415;->;/;1135000;99936.92;40.00;39.71;39.200830;-8.137171;120.90;0.92;9.74;0;0;99966.31;99962.41;1*/;;;;;;;;;;;
17:12:13.414;->;/;1136000;99936.17;40.00;39.72;39.200829;-8.137172;120.80;0.92;9.75;0;0;99965.70;99964.49;1*/;;;;;;;;;;;
17:12:14.414;->;/;1137000;99935.55;40.00;39.72;39.200829;-8.137172;120.80;0.92;9.75;0;0;99965.69;99964.71;1*/;;;;;;;;;;;
17:12:15.415;->;/;1138000;99936.21;40.00;39.73;39.200828;-8.137173;120.60;0.92;9.76;0;0;99968.12;99965.53;1*/;;;;;;;;;;;
17:12:16.414;->;/;1139000;99936.84;40.00;39.73;39.200828;-8.137174;120.60;0.92;9.75;0;0;99966.73;99963.95;1*/;;;;;;;;;;;
17:12:17.414;->;/;1140000;99936.71;40.00;39.73;39.200827;-8.137173;120.70;0.98;9.75;0;0;99966.62;99963.84;1*/;;;;;;;;;;;
17:12:18.414;->;/;1141000;99936.35;40.00;39.74;39.200826;-8.137175;120.40;0.98;9.75;0;0;99965.62;99964.87;1*/;;;;;;;;;;;
17:12:19.415;->;/;1142000;99935.99;40.00;39.74;39.200823;-8.137178;120.00;0.92;9.75;0;0;99966.98;99965.91;1*/;;;;;;;;;;;
17:12:20.414;->;/;1143000;99936.18;40.00;39.75;39.200822;-8.137178;120.00;0.92;9.74;0;0;99966.98;99965.07;1*/;;;;;;;;;;;
17:12:21.415;->;/;1144000;99937.13;40.00;39.75;39.200817;-8.137185;119.30;0.92;9.74;0;0;99968.94;99967.09;1*/;;;;;;;;;;;
17:12:22.415;->;/;1145000;99937.75;40.00;39.75;39.200817;-8.137184;119.30;0.92;9.76;0;0;99970.39;99966.33;1*/;;;;;;;;;;;
17:12:23.414;->;/;1146000;99937.74;40.00;39.76;39.200815;-8.137185;119.00;0.92;9.75;0;0;99965.49;99963.50;1*/;;;;;;;;;;;
17:12:24.415;->;/;1147000;99937.15;40.00;39.76;39.200813;-8.137187;118.70;0.98;9.75;0;0;99965.55;99964.15;1*/;;;;;;;;;;;
17:12:25.415;->;/;1148000;99554.81;40.00;39.76;39.200812;-8.137187;118.60;0.81;94.69;0;0;98737.49;98600.62;1*/;;;;;;;;;;;
17:12:26.414;->;/;1149000;99326.20;40.00;39.76;39.200829;-8.137151;118.40;0.81;85.08;0;0;98942.42;98992.17;1*/;;;;;;;;;;;
17:12:27.414;->;/;1150000;99117.23;40.00;39.78;39.200996;-8.137065;116.60;0.81;12.12;0;0;99166.41;99147.35;1*/;;;;;;;;;;;
17:12:28.415;->;/;1151000;98597.68;40.00;39.78;39.201050;-8.137367;119.60;0.75;10.36;0;0;98160.65;98072.72;1*/;;;;;;;;;;;
17:12:29.415;->;/;1152000;98030.42;40.00;39.77;39.201028;-8.137539;127.70;0.75;8.04;0;0;96489.40;96367.05;1*/;;;;;;;;;;;
17:12:30.538;->;/;1153000;96932.93;40.00;39.77;39.201200;-8.137805;156.10;0.75;6.32;0;0;94912.70;94782.55;4*/;;;;;;;;;;;
17:12:30.826;->;.37;;94453.02;4*/;;;;;;;;;;;;;;;;;;;;;;
17:12:31.035;->;/;1153500;94750.05;40.00;39.78;39.201373;-8.138104;182.40;0.75;5.51;0;0;94240.91;94133.77;4*/;;;;;;;;;;;
17:12:31.282;->;/;1153750;94123.42;40.00;39.78;39.201373;-8.138104;182.40;0.75;5.11;0;0;93920.28;93824.55;4*/;;;;;;;;;;;
17:12:31.530;->;/;1154000;93800.40;40.00;39.78;39.201373;-8.138104;182.40;0.78;4.83;0;0;93569.50;93485.09;4*/;;;;;;;;;;;
17:12:31.783;->;/;1154250;93488.24;40.00;39.78;39.201595;-8.138439;182.40;0.75;4.60;0;0;93278.88;93204.61;4*/;;;;;;;;;;;
17:12:32.036;->;/;1154500;93193.23;40.00;39.78;39.201595;-8.138439;226.20;0.78;4.29;0;0;93004.19;92935.06;4*/;;;;;;;;;;;
17:12:32.282;->;/;1154750;92910.78;40.00;39.78;39.201595;-8.138439;226.20;0.78;4.05;0;0;92736.41;92635.90;4*/;;;;;;;;;;;
17:12:32.574;->;.21;;92393.08;4*/;;;;;;;;;;;;;;;;;;;;;;
17:12:32.782;->;/;1155250;92382.48;40.00;39.79;39.201752;-8.138863;226.20;0.81;3.56;0;0;92236.89;92156.47;4*/;;;;;;;;;;;
17:12:33.035;->;/;1155500;92138.23;40.00;39.79;39.201752;-8.138863;242.30;0.75;3.34;0;0;92006.52;91932.03;4*/;;;;;;;;;;;
17:12:33.282;->;/;1155750;91902.11;40.00;39.79;39.201752;-8.138863;242.30;0.75;3.15;0;0;91743.45;91679.04;4*/;;;;;;;;;;;
17:12:33.530;->;/;1156000;91675.66;40.00;39.79;39.201752;-8.138863;242.30;0.75;2.96;0;0;91535.41;91475.95;4*/;;;;;;;;;;;
17:12:33.783;->;/;1156250;91459.15;40.00;39.79;39.201903;-8.139334;242.30;0.78;2.73;0;0;91330.36;91279.42;4*/;;;;;;;;;;;
17:12:34.036;->;/;1156500;91253.05;40.00;39.79;39.201903;-8.139334;256.10;0.78;2.60;0;0;91134.59;91060.78;4*/;;;;;;;;;;;
17:12:34.282;->;/;1156750;91056.34;40.00;39.79;39.201903;-8.139334;256.10;0.78;2.42;0;0;90952.95;90883.61;4*/;;;;;;;;;;;
17:12:34.530;->;/;1157000;90866.53;40.00;39.79;39.201903;-8.139334;256.10;0.75;2.25;0;0;90775.74;90713.52;4*/;;;;;;;;;;;
17:12:34.782;->;/;1157250;90689.21;40.00;39.79;39.201903;-8.139334;256.10;0.75;2.15;0;0;90579.41;90525.45;4*/;;;;;;;;;;;
17:12:35.035;->;/;1157500;90520.05;40.00;39.79;39.201903;-8.139334;256.10;0.75;2.06;0;0;90425.80;90374.56;4*/;;;;;;;;;;;
17:12:35.280;->;/;1157750;90359.38;40.00;39.79;39.201903;-8.139334;256.10;0.75;1.95;0;0;90277.11;90234.09;4*/;;;;;;;;;;;
17:12:35.530;->;/;1158000;90208.93;40.00;39.79;39.201903;-8.139334;256.10;0.75;1.80;0;0;90133.41;90096.63;4*/;;;;;;;;;;;
17:12:35.784;->;/;1158250;90066.16;40.00;39.79;39.201903;-8.139334;256.10;0.75;1.68;0;0;90000.31;89946.92;4*/;;;;;;;;;;;
17:12:36.035;->;/;1158500;89931.11;40.00;39.79;39.201903;-8.139334;256.10;0.75;1.62;0;0;89876.13;89827.34;4*/;;;;;;;;;;;
17:12:36.280;->;/;1158750;89805.03;40.00;39.79;39.201903;-8.139334;256.10;0.78;1.52;0;0;89740.17;89717.13;4*/;;;;;;;;;;;
17:12:36.530;->;/;1159000;89685.06;40.00;39.79;39.201903;-8.139334;256.10;0.75;1.43;0;0;89627.02;89591.12;4*/;;;;;;;;;;;
17:12:36.782;->;/;1159250;89573.91;40.00;39.79;39.201903;-8.139334;256.10;0.78;1.34;0;0;89524.11;89492.05;4*/;;;;;;;;;;;
17:12:37.035;->;/;1159500;89470.38;40.00;39.79;39.201903;-8.139334;256.10;0.78;1.34;0;0;89431.41;89400.88;4*/;;;;;;;;;;;
17:12:37.280;->;/;1159750;89374.86;40.00;39.79;39.201903;-8.139334;256.10;0.78;1.19;0;0;89344.52;89302.86;4*/;;;;;;;;;;;
17:12:37.530;->;/;1160000;89286.17;40.00;39.79;39.201903;-8.139334;256.10;0.78;1.20;0;0;89265.01;89228.79;4*/;;;;;;;;;;;
17:12:37.782;->;/;1160250;89204.46;40.00;39.80;39.201903;-8.139334;256.10;0.75;1.12;0;0;89177.18;89160.02;4*/;;;;;;;;;;;
17:12:38.036;->;/;1160500;89129.31;40.00;39.80;39.201903;-8.139334;256.10;0.75;1.07;0;0;89106.13;89094.70;4*/;;;;;;;;;;;
17:12:38.281;->;/;1160750;89060.65;40.00;39.80;39.201903;-8.139334;256.10;0.75;1.07;0;0;89045.88;89026.62;4*/;;;;;;;;;;;
17:12:38.530;->;/;1161000;89000.82;40.00;39.80;39.201903;-8.139334;256.10;0.75;0.99;0;0;88991.38;88976.84;4*/;;;;;;;;;;;
17:12:38.782;->;/;1161250;88948.03;40.00;39.80;39.204259;-8.141736;256.10;0.75;1.02;0;0;88944.37;88931.09;4*/;;;;;;;;;;;
17:12:39.035;->;/;1161500;88901.28;40.00;39.80;39.204259;-8.141736;1132.70;0.75;1.00;0;0;88905.99;88887.88;4*/;;;;;;;;;;;
17:12:39.282;->;/;1161750;88861.83;40.00;39.80;39.204259;-8.141736;1132.70;0.75;0.97;0;0;88871.72;88858.54;4*/;;;;;;;;;;;
17:12:39.530;->;/;1162000;88828.03;40.00;39.80;39.204259;-8.141736;1132.70;0.78;1.00;0;0;88841.42;88833.66;4*/;;;;;;;;;;;
17:12:39.782;->;/;1162250;88801.99;40.00;39.80;39.204532;-8.141924;1132.70;0.78;0.95;0;0;88822.17;88814.30;4*/;;;;;;;;;;;
17:12:41.643;->;/;1000;100242.09;40.00;19.28;0.000000;0.000000;0.00;3337.40;19.32;0;0;140947.09;88757.87;0*/;;;;;;;;;;;
17:12:42.527;->;/;2000;100317.17;39.50;38.47;0.000000;0.000000;0.00;1917.47;12.44;0;0;140947.09;88848.91;0*/;;;;;;;;;;;
17:12:43.522;->;/;3000;100361.47;38.50;38.08;39.204905;-8.142259;1124.60;703.84;9.03;0;0;140947.09;89047.05;1*/;;;;;;;;;;;
17:12:43.590;->;;;;;;;;;;;;;;;;;;;;;;;;;;
17:12:44.522;->;/;4000;100382.77;38.00;37.65;39.204908;-8.142225;1117.00;1132.37;11.56;0;0;140947.09;89248.69;1*/;;;;;;;;;;;
17:12:45.521;->;/;5000;100473.85;37.50;37.19;39.204910;-8.142193;1108.10;993.21;10.84;0;0;140947.09;89516.56;1*/;;;;;;;;;;;
17:12:46.522;->;/;6000;100563.64;37.00;36.63;39.204911;-8.142154;1099.70;1181.64;12.44;0;0;140947.09;89785.69;1*/;;;;;;;;;;;
17:12:47.522;->;/;7000;100654.79;36.50;36.41;39.204906;-8.142121;1091.30;1089.96;10.23;0;0;140947.09;90052.31;1*/;;;;;;;;;;;
17:12:48.522;->;/;8000;100746.79;36.50;36.15;39.204904;-8.142089;1082.60;900.34;11.28;0;0;140947.09;90322.42;1*/;;;;;;;;;;;
17:12:49.521;->;/;9000;100839.60;36.00;35.71;39.204903;-8.142052;1073.70;1167.68;11.73;0;0;140947.09;90586.85;1*/;;;;;;;;;;;
17:12:50.522;->;/;10000;100930.54;35.50;35.30;39.204900;-8.142019;1065.10;1184.06;11.38;0;0;140947.09;90870.75;1*/;;;;;;;;;;;
17:12:51.521;->;/;11000;101020.49;35.00;34.92;39.204899;-8.141982;1056.70;1224.94;12.35;0;0;140947.09;91148.23;1*/;;;;;;;;;;;
17:12:52.521;->;/;12000;101109.62;35.00;34.57;39.204895;-8.141944;1048.40;1152.44;11.78;0;0;140947.09;91485.47;1*/;;;;;;;;;;;
17:12:53.521;->;/;13000;101196.52;34.50;34.24;39.204893;-8.141907;1040.40;1003.02;11.16;0;0;140947.09;91740.57;1*/;;;;;;;;;;;
17:12:54.521;->;/;14000;101283.52;34.00;33.92;39.204890;-8.141867;1032.30;886.07;11.13;0;0;140947.09;92043.61;1*/;;;;;;;;;;;
17:12:55.521;->;/;15000;101369.84;34.00;33.51;39.204885;-8.141827;1024.10;1189.16;10.23;0;0;140947.09;92280.37;1*/;;;;;;;;;;;
17:12:56.522;->;/;16000;101458.02;33.50;33.08;39.204883;-8.141790;1015.80;1069.05;11.82;0;0;140947.09;92600.98;1*/;;;;;;;;;;;
17:12:57.521;->;/;17000;101548.24;33.50;32.78;39.204881;-8.141751;1007.10;1074.76;10.82;0;0;140947.09;92878.92;1*/;;;;;;;;;;;
17:12:58.522;->;/;18000;101639.34;33.00;32.56;39.204878;-8.141714;998.20;1109.11;12.31;0;0;140947.09;93184.60;1*/;;;;;;;;;;;
17:12:59.521;->;/;19000;101732.45;32.50;32.28;39.204876;-8.141677;989.40;1092.92;10.90;0;0;140947.09;93384.59;1*/;;;;;;;;;;;
17:13:00.521;->;Pressao inicial defenida/;20000;101824.56;32.50;31.97;39.204869;-8.141634;980.80;987.87;11.30;0;0;140947.09;93640.62;2*/;;;;;;;;;;;
17:13:01.521;->;/;21000;101914.23;32.00;31.73;39.204860;-8.141591;972.40;1180.82;11.57;0;0;140947.09;93940.21;2*/;;;;;;;;;;;
17:13:02.521;->;/;22000;102004.28;32.00;31.37;39.204852;-8.141550;964.00;1033.35;10.84;0;0;140947.09;94234.52;2*/;;;;;;;;;;;
17:13:03.521;->;/;23000;102092.98;31.50;31.13;39.204842;-8.141506;955.90;1151.51;12.50;0;0;140947.09;94515.96;2*/;;;;;;;;;;;
17:13:04.569;->;0947.09;;94814.14;2*/;;;;;;;;;;;;;;;;;;;;;;
17:13:05.522;->;/;25000;102271.11;31.00;30.64;39.204821;-8.141428;939.20;812.29;11.10;0;0;140947.09;95155.05;2*/;;;;;;;;;;;
17:13:06.569;->;0947.09;;95393.66;2*/;;;;;;;;;;;;;;;;;;;;;;
;;;;;;;;;;;;;;;;;;;;;;;;;;;
17:13:07.521;->;/;27000;102453.39;30.50;30.16;39.204795;-8.141363;921.80;1170.06;10.70;0;0;14/*28000;102547.53;30.50;29.89;39.204785;-8.141333;912.90;1261.52;11.95;0;0;140947.09;95969.28;2*/
17:13:09.521;->;/;29000;102642.26;30.50;29.68;39.204770;-8.141304;903.90;1167.31;11.79;0;0;140947.09;96344.84;2*/;;;;;;;;;;;
17:13:10.569;->;0947.09;;96670.24;2*/;;;;;;;;;;;;;;;;;;;;;;
17:13:11.521;->;/;31000;102835.96;30.00;29.28;39.204741;-8.141245;885.60;920.61;11.18;0;0;140947.09;96900.86;2*/;;;;;;;;;;;
17:13:12.522;->;/;32000;102934.35;29.50;29.10;39.204726;-8.141218;876.30;1112.20;11.44;0;0;140947.09;97168.90;2*/;;;;;;;;;;;
17:13:13.568;->;947.09;;97532.95;2*/;;;;;;;;;;;;;;;;;;;;;;
17:13:14.521;->;/;34000;103137.66;29.50;28.70;39.204697;-8.141160;857.20;1141.18;11.09;0;0;140947.09;97768.90;2*/;;;;;;;;;;;
17:13:15.521;->;/;35000;103240.17;29.00;28.53;39.204676;-8.141131;847.60;1176.48;13.07;0;0;140947.09;98036.98;2*/;;;;;;;;;;;
17:13:16.521;->;/;36000;103342.58;29.00;28.38;39.204658;-8.141101;838.10;988.13;10.85;0;0;140947.09;98241.89;2*/;;;;;;;;;;;
17:13:17.521;->;/;37000;103441.08;29.00;28.23;39.204640;-8.141069;829.10;1184.33;12.16;0;0;140947.09;98592.44;2*/;;;;;;;;;;;
17:13:18.569;->;0947.09;;98857.40;2*/;;;;;;;;;;;;;;;;;;;;;;
17:13:19.529;->;/;39000;103629.50;28.50;27.95;39.204614;-8.141008;812.00;844.68;10.92;0;0;140947.09;99002.30;2*/;;;;;;;;;;;
17:13:20.569;->;0947.09;;99002.30;2*/;;;;;;;;;;;;;;;;;;;;;;
17:13:21.569;->;0947.09;;99002.30;2*/;;;;;;;;;;;;;;;;;;;;;;
17:13:22.521;->;/;42000;103894.22;28.00;27.45;39.204570;-8.140906;787.60;1202.16;11.88;0;0;140947.09;99002.30;2*/;;;;;;;;;;;
17:13:23.521;->;/;43000;103982.25;28.00;27.32;39.204547;-8.140869;779.50;1153.36;11.02;0;0;140947.09;99002.30;2*/;;;;;;;;;;;
17:13:24.569;->;0947.09;;99002.30;2*/;;;;;;;;;;;;;;;;;;;;;;
17:13:25.521;->;/;45000;104158.34;27.50;27.09;39.204496;-8.140795;763.50;993.44;10.72;0;0;140947.09;99002.30;2*/;;;;;;;;;;;
17:13:26.528;->;/;46000;104246.63;27.50;26.99;39.204466;-8.140761;755.30;1140.52;11.50;0;0;140947.09;99002.30;2*/;;;;;;;;;;;
17:13:27.521;->;/;47000;104336.26;27.50;26.87;39.204439;-8.140725;747.00;1043.04;11.91;0;0;140947.09;99002.30;2*/;;;;;;;;;;;
17:13:28.520;->;/;48000;104425.92;27.50;26.74;39.204412;-8.140687;738.80;1168.11;10.93;0;0;140947.09;99002.30;2*/;;;;;;;;;;;
17:13:29.521;->;/;49000;104515.18;27.50;26.65;39.204387;-8.140650;730.40;1175.45;11.64;0;0;14/*50000;104605.63;27.00;26.57;39.204366;-8.140610;722.00;871.06;11.39;0;0;140947.09;99002.30;2*/
17:13:31.521;->;/;51000;104693.78;27.00;26.47;39.204344;-8.140567;713.90;1145.04;11.67;0;0;140947.09;99002.30;2*/;;;;;;;;;;;
17:13:32.568;->;0947.09;;99002.30;2*/;;;;;;;;;;;;;;;;;;;;;;
17:13:33.520;->;/;53000;104869.84;27.00;26.26;39.204301;-8.140478;698.10;984.74;11.24;0;0;140947.09;99002.30;2*/;;;;;;;;;;;
17:13:34.520;->;/;54000;104956.60;27.00;26.20;39.204278;-8.140431;689.90;1139.39;11.58;0;0;140947.09;99002.30;2*/;;;;;;;;;;;
17:13:35.520;->;/;55000;105044.27;27.00;26.12;39.204256;-8.140384;681.60;1007.82;11.28;0;0;140947.09;99002.30;2*/;;;;;;;;;;;
17:13:36.520;->;/;56000;105132.21;26.50;26.03;39.204232;-8.140333;673.60;1179.72;11.18;0;0;140947.09;99002.30;2*/;;;;;;;;;;;
17:13:37.520;->;/;57000;105220.33;26.50;25.96;39.204203;-8.140287;665.60;1182.60;12.39;0;0;140947.09;99002.30;2*/;;;;;;;;;;;
17:13:38.520;->;/;58000;105308.20;26.50;25.89;39.204174;-8.140243;657.60;986.05;10.85;0;0;140947.09;99002.30;2*/;;;;;;;;;;;
17:13:39.520;->;/;59000;105395.85;26.50;25.84;39.204143;-8.140196;649.50;859.08;11.36;0;0;140947.09;99002.30;2*/;;;;;;;;;;;
17:13:40.520;->;/;60000;105483.76;26.50;25.76;39.204110;-8.140150;641.20;1148.08;11.46;0;0;140947.09;99002.30;2*/;;;;;;;;;;;
17:13:41.520;->;/;61000;105572.28;26.50;25.70;39.204079;-8.140107;632.80;1123.93;11.23;0;0;140947.09;99002.30;2*/;;;;;;;;;;;
17:13:42.520;->;/;62000;105663.38;26.00;25.63;39.204050;-8.140060;624.50;1000.45;12.04;0;0;140947.09;99002.30;2*/;;;;;;;;;;;
17:13:43.520;->;/;63000;105755.78;26.00;25.59;39.204016;-8.140012;616.30;910.00;11.27;0;0;140947.09;99002.30;2*/;;;;;;;;;;;
17:13:44.520;->;/;64000;105846.97;26.00;25.55;39.203982;-8.139967;607.90;1150.55;10.68;0;0;14/*65000;105940.26;26.00;25.50;39.203948;-8.139917;599.50;997.19;11.42;0;0;140947.09;99002.30;2*/
17:13:46.520;->;/;66000;106031.50;26.00;25.45;39.203911;-8.139869;590.90;1161.86;11.22;0;0;140947.09;99002.30;2*/;;;;;;;;;;;
17:13:47.520;->;/;67000;106123.23;26.00;25.40;39.203875;-8.139826;582.50;1168.40;11.93;0;0;140947.09;99002.30;2*/;;;;;;;;;;;
17:13:48.520;->;/;68000;106216.31;26.00;25.38;39.203840;-8.139781;574.20;902.83;11.01;0;0;140947.09;99002.30;2*/;;;;;;;;;;;
17:13:49.520;->;/;69000;106308.00;26.00;25.35;39.203800;-8.139732;565.80;1080.50;10.65;0;0;140947.09;99002.30;2*/;;;;;;;;;;;
17:13:50.519;->;/;70000;106399.92;26.00;25.31;39.203759;-8.139685;557.40;1093.48;11.07;0;0;140947.09;99002.30;2*/;;;;;;;;;;;
17:13:51.520;->;/;71000;106492.20;26.00;25.29;39.203719;-8.139636;549.00;967.86;11.74;0;0;140947.09;99002.30;2*/;;;;;;;;;;;
17:13:52.520;->;/;72000;106585.29;26.00;25.26;39.203677;-8.139585;540.50;1151.38;11.15;0;0;140947.09;99002.30;2*/;;;;;;;;;;;
17:13:53.520;->;/;73000;106679.62;26.00;25.23;39.203636;-8.139537;532.00;1106.08;11.14;0;0;140947.09;99002.30;2*/;;;;;;;;;;;
17:13:54.520;->;/;74000;106774.61;26.00;25.22;39.203597;-8.139486;523.40;955.06;11.32;0;0;140947.09;99002.30;2*/;;;;;;;;;;;
17:13:55.520;->;/;75000;106868.42;26.00;25.21;39.203556;-8.139435;514.80;1110.98;10.82;0;0;140947.09;99002.30;2*/;;;;;;;;;;;
17:13:56.520;->;/;76000;106962.33;26.00;25.20;39.203517;-8.139387;506.30;1189.03;11.57;0;0;140947.09;99002.30;2*/;;;;;;;;;;;
17:13:57.520;->;/;77000;107056.53;26.00;25.18;39.203482;-8.139335;497.50;1149.13;11.45;0;0;140947.09;99002.30;2*/;;;;;;;;;;;
17:13:58.520;->;/;78000;107151.16;26.00;25.17;39.203442;-8.139283;488.90;1155.41;12.39;0;0;140947.09;99002.30;2*/;;;;;;;;;;;
17:13:59.520;->;/;79000;107246.50;25.50;25.16;39.203402;-8.139234;480.40;1073.91;11.17;0;0;140947.09;99002.30;2*/;;;;;;;;;;;
17:14:00.529;->;/;80000;107342.28;25.50;25.17;39.203364;-8.139183;472.00;794.79;10.48;0;0;140947.09;99002.30;2*/;;;;;;;;;;;
17:14:01.519;->;/;81000;107436.66;25.50;25.16;39.203324;-8.139134;463.50;1061.15;11.24;0;0;140947.09;99002.30;2*/;;;;;;;;;;;
17:14:02.519;->;/;82000;107530.89;25.50;25.16;39.203287;-8.139088;454.90;1010.29;11.55;0;0;140947.09;99002.30;2*/;;;;;;;;;;;
17:14:03.520;->;/;83000;107625.63;25.50;25.16;39.203251;-8.139039;446.20;1167.41;11.15;0;0;140947.09;99002.30;2*/;;;;;;;;;;;
17:14:04.520;->;/;84000;107720.77;25.50;25.16;39.203212;-8.138993;437.60;1175.92;11.57;0;0;140947.09;99002.30;2*/;;;;;;;;;;;
17:14:05.520;->;/;85000;107817.26;25.50;25.16;39.203176;-8.138946;428.90;967.54;11.54;0;0;140947.09;99002.30;2*/;;;;;;;;;;;
17:14:06.519;->;/;86000;107913.79;25.50;25.18;39.203138;-8.138895;420.30;825.30;10.41;0;0;140947.09;99002.30;2*/;;;;;;;;;;;
17:14:07.520;->;/;87000;108010.26;25.50;25.19;39.203098;-8.138846;411.60;1062.98;11.23;0;0;140947.09;99002.30;2*/;;;;;;;;;;;
17:14:08.519;->;/;88000;108105.76;25.50;25.20;39.203061;-8.138799;403.00;992.98;11.91;0;0;140947.09;99002.30;2*/;;;;;;;;;;;
17:14:09.519;->;/;89000;108199.97;25.50;25.22;39.203024;-8.138747;394.40;1142.10;11.23;0;0;140947.09;99002.30;2*/;;;;;;;;;;;
17:14:10.519;->;/;90000;108294.22;25.50;25.23;39.202986;-8.138698;386.00;1153.16;12.51;0;0;140947.09;99002.30;2*/;;;;;;;;;;;
17:14:11.519;->;/;91000;108389.11;25.50;25.24;39.202951;-8.138643;377.30;879.37;11.47;0;0;140947.09;99002.30;2*/;;;;;;;;;;;
17:14:12.520;->;/;92000;108483.44;25.50;25.27;39.202914;-8.138583;368.80;832.32;12.12;0;0;140947.09;99002.30;2*/;;;;;;;;;;;
17:14:13.519;->;/;93000;108576.79;25.50;25.29;39.202872;-8.138527;360.40;1166.65;10.94;0;0;140947.09;99002.30;2*/;;;;;;;;;;;
17:14:14.519;->;/;94000;108669.91;25.50;25.31;39.202834;-8.138472;352.00;1058.43;11.26;0;0;140947.09;99002.30;2*/;;;;;;;;;;;
17:14:15.519;->;/;95000;108761.53;25.50;25.34;39.202797;-8.138417;343.80;1019.53;12.23;0;0;140947.09;99002.30;2*/;;;;;;;;;;;
17:14:16.519;->;/;96000;108853.72;25.50;25.37;39.202762;-8.138366;335.70;1024.69;9.99;0;0;140947.09;99002.30;2*/;;;;;;;;;;;
17:14:17.519;->;/;97000;108946.92;25.50;25.41;39.202730;-8.138316;327.50;898.60;11.48;0;0;140947.09;99002.30;2*/;;;;;;;;;;;
17:14:18.519;->;/;98000;109039.23;25.50;25.44;39.202696;-8.138263;319.30;1168.93;11.18;0;0;140947.09;99002.30;2*/;;;;;;;;;;;
17:14:19.519;->;/;99000;109130.98;25.50;25.47;39.202660;-8.138212;311.10;1152.73;10.88;0;0;140947.09;99002.30;2*/;;;;;;;;;;;
17:14:20.519;->;/;100000;109223.44;25.50;25.50;39.202626;-8.138163;302.80;965.49;11.89;0;0;140947.09;99002.30;2*/;;;;;;;;;;;
17:14:21.519;->;/;101000;109316.07;26.00;25.54;39.202590;-8.138111;294.50;810.34;11.71;0;0;140947.09;99002.30;2*/;;;;;;;;;;;
17:14:22.519;->;/;102000;109408.17;26.00;25.58;39.202551;-8.138063;286.00;1140.35;10.66;0;0;140947.09;99002.30;2*/;;;;;;;;;;;
17:14:23.519;->;/;103000;109501.13;26.00;25.62;39.202514;-8.138017;277.80;1056.69;11.86;0;0;140947.09;99002.30;2*/;;;;;;;;;;;
17:14:24.519;->;/;104000;109592.72;26.00;25.66;39.202474;-8.137974;269.90;1049.98;12.59;0;0;140947.09;99002.30;2*/;;;;;;;;;;;
17:14:25.518;->;/;105000;109683.36;26.00;25.68;39.202432;-8.137939;261.80;1041.04;10.41;0;0;140947.09;99002.30;2*/;;;;;;;;;;;
17:14:26.519;->;/;106000;109776.23;26.00;25.73;39.202392;-8.137903;253.40;966.92;11.40;0;0;140947.09;99002.30;2*/;;;;;;;;;;;
17:14:27.519;->;/;107000;109869.22;26.00;25.76;39.202350;-8.137860;245.00;969.65;10.81;0;0;140947.09;99002.30;2*/;;;;;;;;;;;
17:14:28.519;->;/;108000;109963.13;26.00;25.81;39.202304;-8.137816;236.40;1123.10;10.66;0;0;140947.09;99002.30;2*/;;;;;;;;;;;
17:14:29.518;->;/;109000;110058.72;26.00;25.85;39.202259;-8.137774;227.80;1160.73;11.13;0;0;1/*110000;110155.59;26.00;25.88;39.202213;-8.137730;219.20;1162.19;12.70;0;0;140947.09;99002.30;2*/
17:14:31.519;->;/;111000;110252.45;26.00;25.92;39.202163;-8.137686;210.70;1098.15;10.39;0;0;140947.09;99002.30;2*/;;;;;;;;;;;
17:14:32.519;->;/;112000;110351.07;26.50;25.97;39.202115;-8.137644;202.00;1046.21;11.64;0;0;140947.09;99002.30;2*/;;;;;;;;;;;
17:14:33.519;->;/;113000;110450.92;26.50;26.02;39.202069;-8.137603;193.10;986.40;10.48;0;0;140947.09;99002.30;2*/;;;;;;;;;;;
17:14:34.518;->;/;114000;110550.87;26.50;26.07;39.202017;-8.137567;184.10;1150.72;12.35;0;0;140947.09;99002.30;2*/;;;;;;;;;;;
17:14:35.519;->;/;115000;110653.79;26.50;26.10;39.201965;-8.137540;175.00;1103.48;11.95;0;0;140947.09;99002.30;2*/;;;;;;;;;;;
17:14:36.518;->;/;116000;110756.55;26.50;26.15;39.201916;-8.137516;165.80;853.00;12.09;0;0;140947.09;99002.30;2*/;;;;;;;;;;;
17:14:37.518;->;/;117000;110857.54;26.50;26.20;39.201866;-8.137494;156.90;1162.58;11.25;0;0;140947.09;99002.30;2*/;;;;;;;;;;;
17:14:38.518;->;/;118000;110957.23;26.50;26.25;39.201817;-8.137477;148.20;1045.20;12.54;0;0;140947.09;99002.30;2*/;;;;;;;;;;;
17:14:39.518;->;/;119000;111052.67;26.50;26.32;39.201773;-8.137462;139.70;1170.98;12.16;0;0;140947.09;99002.30;2*/;;;;;;;;;;;
17:14:40.518;->;/;120000;111146.08;26.50;26.38;39.201729;-8.137449;131.90;931.07;11.34;0;0;140947.09;99002.30;2*/;;;;;;;;;;;
17:14:42.717;->;/;1000;99948.50;26.50;13.33;39.201694;-8.137406;0.00;1614.51;10.17;0;0;0.00;0.00;1*/;;;;;;;;;;;
17:14:43.745;->;/;2000;99946.95;27.00;26.56;39.201694;-8.137406;114.40;775.60;10.16;0;0;0.00;0.00;1*/;;;;;;;;;;;
17:14:44.746;->;/;3000;99947.13;27.00;26.58;39.201652;-8.137391;113.10;775.09;10.17;0;0;0.00;0.00;1*/;;;;;;;;;;;
17:14:45.745;->;/;4000;99947.38;27.00;26.62;39.201652;-8.137391;113.10;774.32;10.16;0;0;0.00;0.00;1*/;;;;;;;;;;;
17:14:46.745;->;/;5000;99946.73;27.00;26.66;39.201652;-8.137391;113.10;774.48;10.15;0;0;0.00;0.00;1*/;;;;;;;;;;;
17:14:47.746;->;/;6000;99947.11;27.00;26.70;39.201647;-8.137395;114.50;772.60;10.15;0;0;0.00;0.00;1*/;;;;;;;;;;;
17:14:48.745;->;/;7000;99947.88;27.00;26.74;39.201646;-8.137395;114.60;773.94;10.15;0;0;0.00;0.00;1*/;;;;;;;;;;;
17:14:49.745;->;/;8000;99947.66;27.00;26.77;39.201646;-8.137395;114.60;770.27;10.16;0;0;0.00;0.00;1*/;;;;;;;;;;;
17:14:50.745;->;/;9000;99948.22;27.00;26.79;39.201644;-8.137395;114.40;772.16;10.15;0;0;0.00;0.00;1*/;;;;;;;;;;;
17:14:51.745;->;/;10000;99947.54;27.50;26.83;39.201644;-8.137395;114.40;769.89;10.16;0;0;0.00;0.00;1*/;;;;;;;;;;;
17:14:52.745;->;/;11000;99946.64;27.50;26.87;39.201644;-8.137395;114.40;766.42;10.16;0;0;0.00;0.00;1*/;;;;;;;;;;;
17:14:53.748;->;/;12000;99946.75;27.50;26.90;39.201644;-8.137396;114.30;759.50;10.16;0;0;0.00;0.00;1*/;;;;;;;;;;;
17:14:54.744;->;/;13000;99946.23;27.50;26.94;39.201644;-8.137396;114.30;738.89;10.14;0;0;0.00;0.00;1*/;;;;;;;;;;;
17:14:55.745;->;/;14000;99946.90;27.50;26.96;39.201644;-8.137396;114.40;581.46;10.17;0;0;0.00;0.00;1*/;;;;;;;;;;;
17:14:56.746;->;/;15000;99944.36;27.50;26.98;39.201646;-8.137394;114.40;343.84;12.65;0;0;0.00;0.00;1*/;;;;;;;;;;;
17:14:57.744;->;/;16000;99941.35;27.50;27.01;39.201650;-8.137400;114.80;370.11;18.38;0;0;0.00;0.00;1*/;;;;;;;;;;;
17:14:58.745;->;/;17000;99938.15;27.50;27.03;39.201655;-8.137408;115.40;483.67;10.20;0;0;0.00;0.00;1*/;;;;;;;;;;;
17:14:59.745;->;/;18000;99935.68;28.00;27.07;39.201659;-8.137414;114.90;352.89;9.71;0;0;0.00;0.00;1*/;;;;;;;;;;;
17:15:00.745;->;/;19000;99936.02;28.00;27.08;39.201658;-8.137422;114.80;412.73;9.96;0;0;0.00;0.00;1*/;;;;;;;;;;;
17:15:01.744;->;Pressao inicial defenida/;20000;99936.86;28.00;27.12;39.201662;-8.137429;114.40;342.39;10.03;0;0;0.00;0.00;2*/;;;;;;;;;;;
17:15:02.745;->;/;21000;99938.84;28.00;27.15;39.201666;-8.137432;114.20;297.22;10.22;0;0;0.00;0.00;2*/;;;;;;;;;;;
17:15:03.746;->;/;22000;99940.29;28.00;27.17;39.201671;-8.137439;114.20;415.00;12.32;0;0;0.00;0.00;2*/;;;;;;;;;;;
17:15:04.745;->;/;23000;99941.17;28.00;27.21;39.201680;-8.137448;114.10;454.11;8.12;0;0;0.00;0.00;2*/;;;;;;;;;;;
17:15:05.745;->;/;24000;99941.87;28.00;27.24;39.201683;-8.137453;113.80;588.33;11.57;0;0;0.00;0.00;2*/;;;;;;;;;;;
17:15:06.744;->;/;25000;99941.27;28.00;27.26;39.201683;-8.137453;113.80;507.24;8.42;0;0;0.00;0.00;2*/;;;;;;;;;;;
17:15:07.744;->;/;26000;99940.22;28.00;27.28;39.201683;-8.137453;113.80;450.45;8.37;0;0;0.00;0.00;2*/;;;;;;;;;;;
17:15:08.745;->;/;27000;99941.01;28.00;27.31;39.201683;-8.137453;113.80;164.56;10.24;0;0;0.00;0.00;2*/;;;;;;;;;;;
17:15:09.751;->;/;28000;99941.13;28.00;27.34;39.201689;-8.137478;114.70;566.29;9.74;0;0;0.00;0.00;2*/;;;;;;;;;;;
17:15:10.745;->;/;29000;99942.01;28.00;27.39;39.201692;-8.137491;114.80;590.90;9.73;0;0;0.00;0.00;2*/;;;;;;;;;;;
17:15:11.745;->;/;30000;99942.78;28.00;27.41;39.201692;-8.137497;113.90;600.63;11.11;0;0;0.00;0.00;2*/;;;;;;;;;;;
17:15:12.745;->;/;31000;99943.16;28.00;27.46;39.201689;-8.137507;113.90;597.81;11.15;0;0;0.00;0.00;2*/;;;;;;;;;;;
17:15:13.745;->;/;32000;99944.27;28.50;27.50;39.201692;-8.137509;113.70;588.99;11.52;0;0;0.00;0.00;2*/;;;;;;;;;;;
17:15:14.744;->;/;33000;99944.86;28.50;27.53;39.201694;-8.137512;113.30;468.40;13.44;0;0;0.00;0.00;2*/;;;;;;;;;;;
17:15:15.744;->;/;34000;99945.96;28.50;27.57;39.201702;-8.137527;113.50;535.32;14.20;0;0;0.00;0.00;2*/;;;;;;;;;;;
17:15:16.744;->;/;35000;99945.99;28.50;27.61;39.201707;-8.137533;113.60;566.29;14.15;0;0;0.00;0.00;2*/;;;;;;;;;;;
17:15:17.745;->;/;36000;99945.23;28.50;27.65;39.201709;-8.137536;113.10;529.57;11.97;0;0;0.00;0.00;2*/;;;;;;;;;;;
17:15:18.744;->;/;37000;99944.80;29.00;27.67;39.201717;-8.137545;113.00;605.33;13.38;0;0;0.00;0.00;2*/;;;;;;;;;;;
17:15:19.745;->;/;38000;99943.91;29.00;27.70;39.201726;-8.137550;112.60;568.94;10.63;0;0;0.00;0.00;2*/;;;;;;;;;;;
17:15:20.745;->;/;39000;99943.06;29.00;27.73;39.201727;-8.137551;112.50;516.41;10.84;0;0;0.00;0.00;2*/;;;;;;;;;;;
17:15:21.744;->;/;40000;99942.59;29.00;27.76;39.201733;-8.137560;112.80;515.20;12.20;0;0;0.00;0.00;2*/;;;;;;;;;;;
17:15:22.745;->;/;41000;99942.42;29.00;27.79;39.201737;-8.137566;112.60;467.66;11.08;0;0;0.00;0.00;2*/;;;;;;;;;;;
17:15:23.744;->;/;42000;99941.41;29.00;27.82;39.201739;-8.137567;112.60;451.22;8.69;0;0;0.00;0.00;2*/;;;;;;;;;;;
17:15:24.744;->;/;43000;99940.73;29.00;27.85;39.201743;-8.137572;112.90;633.91;10.56;0;0;0.00;0.00;2*/;;;;;;;;;;;
17:15:25.745;->;/;44000;99939.04;29.00;27.88;39.201745;-8.137579;112.80;544.52;10.21;0;0;0.00;0.00;2*/;;;;;;;;;;;
17:15:26.744;->;/;45000;99936.75;29.00;27.89;39.201745;-8.137579;112.80;548.66;10.23;0;0;0.00;0.00;2*/;;;;;;;;;;;
17:15:27.744;->;/;46000;99934.29;29.50;27.91;39.201745;-8.137579;112.80;508.76;9.00;0;0;0.00;0.00;2*/;;;;;;;;;;;
17:15:28.745;->;/;47000;99932.01;29.00;27.93;39.201745;-8.137579;112.80;692.48;12.17;0;0;0.00;0.00;2*/;;;;;;;;;;;
17:15:29.744;->;/;48000;99931.87;29.00;27.95;39.201745;-8.137579;112.80;491.18;11.17;0;0;0.00;0.00;2*/;;;;;;;;;;;
17:15:30.744;->;/;49000;99931.03;29.00;27.98;39.201745;-8.137579;112.80;709.41;9.91;0;0;0.00;0.00;2*/;;;;;;;;;;;
17:15:31.744;->;/;50000;99932.40;29.00;27.99;39.201745;-8.137579;112.80;531.53;9.99;0;0;0.00;0.00;2*/;;;;;;;;;;;
17:15:32.744;->;/;51000;99933.45;29.00;28.01;39.201745;-8.137579;112.80;630.23;10.60;0;0;0.00;0.00;2*/;;;;;;;;;;;
17:15:33.744;->;/;52000;99933.60;29.00;28.02;39.201745;-8.137579;112.80;698.27;9.83;0;0;0.00;0.00;2*/;;;;;;;;;;;
17:15:34.744;->;/;53000;99934.78;29.00;28.05;39.201745;-8.137579;112.80;682.17;10.87;0;0;0.00;0.00;2*/;;;;;;;;;;;
17:15:35.743;->;/;54000;99934.44;29.00;28.06;39.201745;-8.137579;112.80;470.28;11.26;0;0;0.00;0.00;2*/;;;;;;;;;;;
17:15:36.744;->;/;55000;99934.10;29.00;28.08;39.201755;-8.137598;113.60;734.03;9.59;0;0;0.00;0.00;2*/;;;;;;;;;;;
17:15:37.744;->;/;56000;99933.99;29.00;28.10;39.201754;-8.137604;113.20;543.49;10.47;0;0;0.00;0.00;2*/;;;;;;;;;;;
17:15:38.744;->;/;57000;99932.21;29.00;28.12;39.201752;-8.137610;113.70;437.14;8.30;0;0;0.00;0.00;2*/;;;;;;;;;;;
17:15:39.744;->;/;58000;99931.50;29.00;28.14;39.201756;-8.137616;113.70;336.50;9.34;0;0;0.00;0.00;2*/;;;;;;;;;;;
17:15:40.744;->;/;59000;99931.71;29.00;28.16;39.201760;-8.137618;113.50;224.56;10.70;0;0;0.00;0.00;2*/;;;;;;;;;;;
17:15:41.744;->;/;60000;99931.90;29.00;28.18;39.201760;-8.137617;113.70;210.04;8.94;0;0;0.00;0.00;2*/;;;;;;;;;;;
17:15:42.743;->;/;61000;99934.09;29.00;28.20;39.201760;-8.137617;113.70;296.17;10.45;0;0;0.00;0.00;2*/;;;;;;;;;;;
17:15:43.745;->;/;62000;99935.38;29.00;28.22;39.201757;-8.137615;113.80;278.64;9.61;0;0;0.00;0.00;2*/;;;;;;;;;;;
17:15:44.744;->;/;63000;99935.82;29.00;28.24;39.201757;-8.137615;113.80;102.03;9.90;0;0;0.00;0.00;2*/;;;;;;;;;;;
17:15:45.744;->;/;64000;99935.28;29.00;28.25;39.201757;-8.137615;113.80;269.01;9.10;0;0;0.00;0.00;2*/;;;;;;;;;;;
17:15:46.743;->;/;65000;99934.58;29.00;28.27;39.201757;-8.137615;113.80;319.27;11.05;0;0;0.00;0.00;2*/;;;;;;;;;;;
17:15:47.743;->;/;66000;99933.44;29.00;28.29;39.201757;-8.137615;113.80;299.91;9.49;0;0;0.00;0.00;2*/;;;;;;;;;;;
17:15:48.744;->;/;67000;99932.38;29.00;28.30;39.201757;-8.137615;113.80;137.35;9.41;0;0;0.00;0.00;2*/;;;;;;;;;;;
17:15:49.743;->;/;68000;99931.71;29.00;28.31;39.201757;-8.137615;113.80;236.73;9.98;0;0;0.00;0.00;2*/;;;;;;;;;;;
17:15:50.743;->;/;69000;99931.56;29.00;28.32;39.201764;-8.137622;114.60;142.63;11.05;0;0;0.00;0.00;2*/;;;;;;;;;;;
17:15:51.743;->;/;70000;99931.58;29.00;28.35;39.201764;-8.137622;114.60;94.90;8.43;0;0;0.00;0.00;2*/;;;;;;;;;;;
17:15:52.743;->;/;71000;99931.76;29.00;28.36;39.201764;-8.137622;114.60;313.62;9.24;0;0;0.00;0.00;2*/;;;;;;;;;;;
17:15:53.743;->;/;72000;99932.44;29.00;28.37;39.201764;-8.137622;114.60;307.51;9.72;0;0;0.00;0.00;2*/;;;;;;;;;;;
17:15:54.743;->;/;73000;99931.83;29.00;28.39;39.201764;-8.137622;114.60;277.43;9.63;0;0;0.00;0.00;2*/;;;;;;;;;;;
17:15:55.743;->;/;74000;99931.67;29.00;28.40;39.201764;-8.137622;114.60;284.26;9.02;0;0;0.00;0.00;2*/;;;;;;;;;;;
17:15:56.743;->;/;75000;99931.38;29.00;28.42;39.201764;-8.137622;114.60;279.69;9.39;0;0;0.00;0.00;2*/;;;;;;;;;;;
17:15:57.743;->;/;76000;99930.63;29.00;28.43;39.201768;-8.137621;115.00;271.75;9.95;0;0;0.00;0.00;2*/;;;;;;;;;;;
17:15:58.743;->;/;77000;99930.48;29.00;28.44;39.201769;-8.137619;114.90;263.76;9.58;0;0;0.00;0.00;2*/;;;;;;;;;;;
17:15:59.743;->;/;78000;99930.10;29.00;28.45;39.201769;-8.137619;114.90;296.65;9.73;0;0;0.00;0.00;2*/;;;;;;;;;;;
17:16:00.743;->;/;79000;99929.75;29.00;28.47;39.201769;-8.137619;114.90;285.65;9.66;0;0;0.00;0.00;2*/;;;;;;;;;;;
17:16:01.743;->;/;80000;99930.30;29.00;28.48;39.201769;-8.137619;114.90;289.35;9.45;0;0;0.00;0.00;2*/;;;;;;;;;;;
17:16:02.743;->;/;81000;99930.33;29.00;28.50;39.201769;-8.137619;114.90;284.14;9.63;0;0;0.00;0.00;2*/;;;;;;;;;;;
17:16:03.743;->;/;82000;99930.55;29.00;28.51;39.201769;-8.137619;114.90;263.67;9.68;0;0;0.00;0.00;2*/;;;;;;;;;;;
17:16:04.743;->;/;83000;99930.47;29.00;28.52;39.201769;-8.137619;114.90;262.59;9.52;0;0;0.00;0.00;2*/;;;;;;;;;;;
17:16:05.742;->;/;84000;99929.61;29.00;28.53;39.201769;-8.137619;114.90;267.84;9.56;0;0;0.00;0.00;2*/;;;;;;;;;;;
17:16:06.743;->;/;85000;99929.70;29.00;28.55;39.201769;-8.137619;114.90;271.21;9.79;0;0;0.00;0.00;2*/;;;;;;;;;;;
17:16:07.742;->;/;86000;99929.62;29.00;28.56;39.201769;-8.137619;114.90;275.12;9.74;0;0;0.00;0.00;2*/;;;;;;;;;;;
17:16:08.742;->;/;87000;99929.57;29.00;28.57;39.201754;-8.137621;113.60;269.41;9.38;0;0;0.00;0.00;2*/;;;;;;;;;;;
17:16:09.743;->;/;88000;99930.35;29.00;28.59;39.201754;-8.137621;113.60;249.54;10.53;0;0;0.00;0.00;2*/;;;;;;;;;;;
17:16:10.743;->;/;89000;99931.76;29.00;28.60;39.201756;-8.137612;114.20;205.66;9.80;0;0;0.00;0.00;2*/;;;;;;;;;;;
17:16:11.743;->;/;90000;99933.42;29.00;28.62;39.201757;-8.137609;114.60;245.53;9.67;0;0;0.00;0.00;2*/;;;;;;;;;;;
17:16:12.743;->;/;91000;99935.17;29.00;28.63;39.201757;-8.137609;114.60;240.47;9.70;0;0;0.00;0.00;2*/;;;;;;;;;;;
17:16:13.742;->;/;92000;99936.18;29.00;28.65;39.201757;-8.137609;114.60;222.38;9.82;0;0;0.00;0.00;2*/;;;;;;;;;;;
17:16:14.742;->;/;93000;99936.17;29.00;28.67;39.201757;-8.137609;114.60;242.47;9.89;0;0;0.00;0.00;2*/;;;;;;;;;;;
17:16:15.743;->;/;94000;99935.56;29.00;28.68;39.201763;-8.137605;114.80;246.10;9.78;0;0;0.00;0.00;2*/;;;;;;;;;;;
17:16:16.744;->;/;95000;99935.11;29.00;28.71;39.201763;-8.137605;114.80;264.60;9.67;0;0;0.00;0.00;2*/;;;;;;;;;;;
17:16:17.743;->;/;96000;99935.05;29.00;28.72;39.201763;-8.137605;114.80;275.15;9.77;0;0;0.00;0.00;2*/;;;;;;;;;;;
17:16:18.743;->;/;97000;99934.49;29.00;28.74;39.201763;-8.137605;114.80;260.01;9.66;0;0;0.00;0.00;2*/;;;;;;;;;;;
17:16:19.742;->;/;98000;99934.57;29.00;28.75;39.201763;-8.137605;114.80;252.21;9.70;0;0;0.00;0.00;2*/;;;;;;;;;;;
17:16:20.743;->;/;99000;99934.86;29.00;28.77;39.201763;-8.137605;114.80;234.84;9.69;0;0;0.00;0.00;2*/;;;;;;;;;;;
17:16:21.742;->;/;100000;99934.81;29.00;28.79;39.201763;-8.137605;114.80;250.98;9.69;0;0;0.00;0.00;2*/;;;;;;;;;;;
17:16:22.742;->;/;101000;99934.45;29.50;28.81;39.201763;-8.137605;114.80;266.52;9.70;0;0;0.00;0.00;2*/;;;;;;;;;;;
17:16:23.742;->;/;102000;99934.12;29.00;28.82;39.201763;-8.137605;114.80;260.64;9.66;0;0;0.00;0.00;2*/;;;;;;;;;;;
17:16:24.742;->;/;103000;99934.19;29.00;28.84;39.201763;-8.137605;114.80;263.88;9.77;0;0;0.00;0.00;2*/;;;;;;;;;;;
17:16:25.742;->;/;104000;99934.59;29.00;28.85;39.201763;-8.137605;114.80;268.41;9.72;0;0;0.00;0.00;2*/;;;;;;;;;;;
17:16:26.742;->;/;105000;99936.03;29.00;28.88;39.201763;-8.137605;114.80;294.06;9.72;0;0;0.00;0.00;2*/;;;;;;;;;;;
17:16:27.742;->;/;106000;99937.31;29.00;28.90;39.201763;-8.137605;114.80;269.32;9.86;0;0;0.00;0.00;2*/;;;;;;;;;;;
17:16:28.742;->;/;107000;99937.62;29.00;28.90;39.201763;-8.137605;114.80;283.87;9.70;0;0;0.00;0.00;2*/;;;;;;;;;;;
17:16:29.742;->;/;108000;99937.56;29.00;28.92;39.201763;-8.137605;114.80;281.07;9.73;0;0;0.00;0.00;2*/;;;;;;;;;;;
17:16:30.742;->;/;109000;99937.49;29.00;28.94;39.201772;-8.137608;115.20;298.16;9.66;0;0;0.00;0.00;2*/;;;;;;;;;;;
17:16:31.742;->;/;110000;99937.34;29.50;28.96;39.201772;-8.137608;115.20;300.54;9.69;0;0;0.00;0.00;2*/;;;;;;;;;;;
17:16:32.742;->;/;111000;99937.29;29.50;28.99;39.201772;-8.137608;115.20;324.69;9.70;0;0;0.00;0.00;2*/;;;;;;;;;;;
17:16:33.742;->;/;112000;99936.76;29.50;29.00;39.201772;-8.137608;115.20;311.59;9.72;0;0;0.00;0.00;2*/;;;;;;;;;;;
17:16:34.742;->;/;113000;99935.73;29.50;29.02;39.201772;-8.137608;115.20;327.17;9.72;0;0;0.00;0.00;2*/;;;;;;;;;;;
17:16:35.742;->;/;114000;99935.04;29.50;29.04;39.201772;-8.137608;115.20;339.17;9.69;0;0;0.00;0.00;2*/;;;;;;;;;;;
17:16:36.742;->;/;115000;99934.13;29.50;29.05;39.201770;-8.137611;115.00;340.51;9.72;0;0;0.00;0.00;2*/;;;;;;;;;;;
17:16:37.742;->;/;116000;99934.35;29.50;29.08;39.201770;-8.137611;115.00;341.54;9.70;0;0;0.00;0.00;2*/;;;;;;;;;;;
17:16:38.742;->;/;117000;99934.94;29.50;29.09;39.201770;-8.137611;115.00;332.02;9.69;0;0;0.00;0.00;2*/;;;;;;;;;;;
17:16:39.742;->;/;118000;99935.10;29.50;29.11;39.201770;-8.137611;115.00;344.15;9.70;0;0;0.00;0.00;2*/;;;;;;;;;;;
17:16:40.741;->;/;119000;99935.53;29.50;29.13;39.201770;-8.137611;115.00;348.28;9.71;0;0;0.00;0.00;2*/;;;;;;;;;;;
17:16:41.742;->;/;120000;99935.23;29.50;29.15;39.201770;-8.137611;115.00;308.30;9.71;0;0;0.00;0.00;2*/;;;;;;;;;;;
17:16:42.742;->;/;121000;99935.58;29.50;29.16;39.201770;-8.137611;115.00;349.85;9.77;0;0;0.00;0.00;2*/;;;;;;;;;;;
17:16:43.742;->;/;122000;99935.71;29.50;29.19;39.201768;-8.137616;114.80;365.12;9.75;0;0;0.00;0.00;2*/;;;;;;;;;;;
17:16:44.741;->;/;123000;99935.83;29.50;29.22;39.201768;-8.137616;114.80;406.24;9.66;0;0;0.00;0.00;2*/;;;;;;;;;;;
17:16:45.742;->;/;124000;99936.16;29.50;29.23;39.201768;-8.137616;114.80;396.19;9.67;0;0;0.00;0.00;2*/;;;;;;;;;;;
17:16:46.742;->;/;125000;99935.83;29.50;29.25;39.201768;-8.137616;114.80;396.22;9.70;0;0;0.00;0.00;2*/;;;;;;;;;;;
17:16:47.742;->;/;126000;99935.89;29.50;29.28;39.201768;-8.137616;114.80;397.84;9.70;0;0;0.00;0.00;2*/;;;;;;;;;;;
17:16:48.741;->;/;127000;99936.23;29.50;29.30;39.201767;-8.137618;114.90;393.77;9.74;0;0;0.00;0.00;2*/;;;;;;;;;;;
17:16:49.741;->;/;128000;99936.89;29.50;29.32;39.201767;-8.137618;114.90;398.45;9.70;0;0;0.00;0.00;2*/;;;;;;;;;;;
17:16:50.742;->;/;129000;99937.13;29.50;29.35;39.201767;-8.137618;114.90;393.01;9.74;0;0;0.00;0.00;2*/;;;;;;;;;;;
17:16:51.747;->;/;130000;99936.45;29.50;29.36;39.201767;-8.137618;114.90;397.65;9.72;0;0;0.00;0.00;2*/;;;;;;;;;;;
17:16:52.742;->;/;131000;99935.11;29.50;29.37;39.201767;-8.137618;114.90;376.87;9.69;0;0;0.00;0.00;2*/;;;;;;;;;;;
17:16:53.741;->;/;132000;99934.10;29.50;29.39;39.201767;-8.137618;114.90;336.59;9.73;0;0;0.00;0.00;2*/;;;;;;;;;;;
17:16:54.741;->;/;133000;99933.85;29.50;29.41;39.201767;-8.137618;114.90;343.63;9.70;0;0;0.00;0.00;2*/;;;;;;;;;;;
17:16:55.741;->;/;134000;99934.24;29.50;29.43;39.201767;-8.137618;114.90;361.10;9.67;0;0;0.00;0.00;2*/;;;;;;;;;;;
17:16:56.742;->;/;135000;99935.51;29.50;29.45;39.201767;-8.137618;114.90;324.11;9.72;0;0;0.00;0.00;2*/;;;;;;;;;;;
17:16:57.742;->;/;136000;99935.53;29.50;29.45;39.201767;-8.137618;114.90;338.20;9.73;0;0;0.00;0.00;2*/;;;;;;;;;;;
17:16:58.741;->;/;137000;99935.01;29.50;29.46;39.201767;-8.137618;114.90;311.02;9.74;0;0;0.00;0.00;2*/;;;;;;;;;;;
17:16:59.741;->;/;138000;99934.66;29.50;29.47;39.201767;-8.137618;114.90;304.31;9.66;0;0;0.00;0.00;2*/;;;;;;;;;;;
17:17:00.741;->;/;139000;99933.51;29.50;29.48;39.201765;-8.137618;114.90;308.78;9.75;0;0;0.00;0.00;2*/;;;;;;;;;;;
17:17:01.741;->;/;140000;99933.26;29.50;29.50;39.201765;-8.137618;114.90;303.89;9.71;0;0;0.00;0.00;2*/;;;;;;;;;;;
17:17:02.741;->;/;141000;99933.39;29.50;29.51;39.201765;-8.137618;114.90;319.33;9.75;0;0;0.00;0.00;2*/;;;;;;;;;;;
17:17:03.741;->;/;142000;99933.22;29.50;29.53;39.201765;-8.137618;114.90;344.94;9.71;0;0;0.00;0.00;2*/;;;;;;;;;;;
17:17:04.741;->;/;143000;99933.67;29.50;29.55;39.201765;-8.137618;114.90;386.39;9.71;0;0;0.00;0.00;2*/;;;;;;;;;;;
17:17:05.741;->;/;144000;99933.56;29.50;29.56;39.201765;-8.137618;114.90;342.57;9.67;0;0;0.00;0.00;2*/;;;;;;;;;;;
17:17:06.741;->;/;145000;99933.97;29.50;29.57;39.201765;-8.137620;114.60;380.07;9.74;0;0;0.00;0.00;2*/;;;;;;;;;;;
17:17:07.741;->;/;146000;99934.11;29.50;29.57;39.201765;-8.137620;114.60;392.19;9.71;0;0;0.00;0.00;2*/;;;;;;;;;;;
17:17:08.741;->;/;147000;99934.17;29.50;29.60;39.201765;-8.137620;114.60;390.66;9.72;0;0;0.00;0.00;2*/;;;;;;;;;;;
17:17:09.741;->;/;148000;99934.68;29.50;29.60;39.201765;-8.137620;114.60;401.84;9.62;0;0;0.00;0.00;2*/;;;;;;;;;;;
17:17:10.741;->;/;149000;99934.63;29.50;29.61;39.201765;-8.137620;114.60;403.19;9.70;0;0;0.00;0.00;2*/;;;;;;;;;;;
17:17:11.740;->;/;150000;99935.22;29.50;29.63;39.201765;-8.137620;114.60;385.96;9.79;0;0;0.00;0.00;2*/;;;;;;;;;;;
17:17:12.741;->;/;151000;99935.39;29.50;29.64;39.201765;-8.137620;114.60;421.03;9.72;0;0;0.00;0.00;2*/;;;;;;;;;;;
17:17:13.741;->;/;152000;99935.99;29.50;29.66;39.201765;-8.137620;114.60;459.40;9.68;0;0;0.00;0.00;2*/;;;;;;;;;;;
17:17:14.740;->;/;153000;99935.83;29.50;29.68;39.201765;-8.137620;114.60;462.02;9.74;0;0;0.00;0.00;2*/;;;;;;;;;;;
17:17:15.741;->;/;154000;99935.04;29.50;29.70;39.201765;-8.137620;114.60;468.52;9.69;0;0;0.00;0.00;2*/;;;;;;;;;;;
17:17:16.741;->;/;155000;99935.06;29.50;29.72;39.201765;-8.137620;114.60;466.37;9.73;0;0;0.00;0.00;2*/;;;;;;;;;;;
17:17:17.740;->;/;156000;99933.95;29.50;29.74;39.201765;-8.137620;114.60;278.33;9.31;0;0;0.00;0.00;2*/;;;;;;;;;;;
17:17:18.741;->;/;157000;99933.07;29.50;29.76;39.201765;-8.137620;114.60;326.35;9.65;0;0;0.00;0.00;2*/;;;;;;;;;;;
17:17:19.753;->;0;;0.00;2*/;;;;;;;;;;;;;;;;;;;;;;
17:17:20.740;->;/;159000;99932.05;29.50;29.79;39.201765;-8.137620;114.60;338.78;10.27;0;0;0.00;0.00;2*/;;;;;;;;;;;
17:17:21.740;->;/;160000;99932.19;29.50;29.80;39.201765;-8.137620;114.60;265.89;10.79;0;0;0.00;0.00;2*/;;;;;;;;;;;
17:17:22.740;->;/;161000;99931.36;29.50;29.82;39.201765;-8.137620;114.60;457.22;10.12;0;0;0.00;0.00;2*/;;;;;;;;;;;
17:17:23.740;->;/;162000;99930.24;29.50;29.82;39.201765;-8.137620;114.60;462.73;8.98;0;0;0.00;0.00;2*/;;;;;;;;;;;
17:17:24.740;->;/;163000;99929.29;29.50;29.82;39.201765;-8.137620;114.60;465.78;11.90;0;0;0.00;0.00;2*/;;;;;;;;;;;
17:17:25.741;->;/;164000;99929.14;30.00;29.83;39.201754;-8.137609;114.00;508.88;9.45;0;0;0.00;0.00;2*/;;;;;;;;;;;
17:17:26.740;->;/;165000;99930.10;30.00;29.83;39.201754;-8.137609;114.30;568.85;10.65;0;0;0.00;0.00;2*/;;;;;;;;;;;
17:17:27.740;->;/;166000;99931.02;30.00;29.84;39.201754;-8.137609;114.30;796.61;7.44;0;0;0.00;0.00;2*/;;;;;;;;;;;
17:17:28.741;->;/;167000;99931.82;30.00;29.84;39.201754;-8.137609;114.30;580.40;9.86;0;0;0.00;0.00;2*/;;;;;;;;;;;
17:17:29.740;->;/;168000;99931.54;30.00;29.85;39.201754;-8.137609;114.30;848.12;8.37;0;0;0.00;0.00;2*/;;;;;;;;;;;
17:17:30.740;->;/;169000;99931.99;30.00;29.86;39.201754;-8.137609;114.30;685.52;7.76;0;0;0.00;0.00;2*/;;;;;;;;;;;
17:17:31.740;->;/;170000;99932.76;30.00;29.86;39.201754;-8.137609;114.30;805.66;9.75;0;0;0.00;0.00;2*/;;;;;;;;;;;
17:17:32.740;->;/;171000;99932.59;30.00;29.89;39.201754;-8.137609;114.30;514.30;11.10;0;0;0.00;0.00;2*/;;;;;;;;;;;
17:17:33.741;->;/;172000;99932.09;30.00;29.89;39.201754;-8.137609;114.30;553.05;11.57;0;0;0.00;0.00;2*/;;;;;;;;;;;
17:17:34.740;->;/;173000;99932.26;30.00;29.90;39.201754;-8.137609;114.30;369.71;11.02;0;0;0.00;0.00;2*/;;;;;;;;;;;
17:17:35.741;->;/;174000;99933.83;30.00;29.90;39.201754;-8.137609;114.30;270.43;9.59;0;0;0.00;0.00;2*/;;;;;;;;;;;
17:17:36.740;->;/;175000;99935.66;29.50;29.92;39.201754;-8.137609;114.30;593.15;9.63;0;0;0.00;0.00;2*/;;;;;;;;;;;
17:17:37.740;->;/;176000;99937.51;30.00;29.94;39.201754;-8.137609;114.30;389.65;10.20;0;0;0.00;0.00;2*/;;;;;;;;;;;
17:17:38.740;->;/;177000;99938.32;30.00;29.95;39.201754;-8.137609;114.30;369.62;9.95;0;0;0.00;0.00;2*/;;;;;;;;;;;
17:17:39.740;->;/;178000;99937.83;30.00;29.97;39.201754;-8.137609;114.30;360.43;10.05;0;0;0.00;0.00;2*/;;;;;;;;;;;
17:17:40.740;->;/;179000;99937.24;30.00;29.99;39.201754;-8.137609;114.30;346.51;9.98;0;0;0.00;0.00;2*/;;;;;;;;;;;
17:17:41.740;->;/;180000;99937.80;30.00;30.00;39.201754;-8.137609;114.30;344.36;10.03;0;0;0.00;0.00;2*/;;;;;;;;;;;
17:17:42.739;->;/;181000;99937.72;30.00;30.03;39.201754;-8.137609;114.30;352.65;10.13;0;0;0.00;0.00;2*/;;;;;;;;;;;
17:17:43.741;->;/;182000;99937.42;30.00;30.05;39.201756;-8.137604;114.40;345.42;10.03;0;0;0.00;0.00;2*/;;;;;;;;;;;
17:17:44.740;->;/;183000;99937.24;30.00;30.06;39.201756;-8.137604;114.40;348.58;10.04;0;0;0.00;0.00;2*/;;;;;;;;;;;
17:17:45.740;->;/;184000;99936.68;30.00;30.09;39.201756;-8.137604;114.40;347.39;10.02;0;0;0.00;0.00;2*/;;;;;;;;;;;
17:17:46.740;->;/;185000;99935.92;30.00;30.10;39.201756;-8.137604;114.40;338.08;10.09;0;0;0.00;0.00;2*/;;;;;;;;;;;
17:17:47.739;->;/;186000;99935.82;30.00;30.12;39.201756;-8.137604;114.40;348.64;9.96;0;0;0.00;0.00;2*/;;;;;;;;;;;
17:17:48.740;->;/;187000;99935.83;30.00;30.15;39.201759;-8.137604;115.00;334.68;9.96;0;0;0.00;0.00;2*/;;;;;;;;;;;
17:17:49.740;->;/;188000;99935.46;30.00;30.17;39.201759;-8.137604;115.00;336.50;9.92;0;0;0.00;0.00;2*/;;;;;;;;;;;
17:17:50.740;->;/;189000;99935.72;30.00;30.18;39.201760;-8.137607;115.50;340.23;10.07;0;0;0.00;0.00;2*/;;;;;;;;;;;
17:17:51.740;->;/;190000;99936.04;30.00;30.19;39.201760;-8.137607;115.50;335.47;10.16;0;0;0.00;0.00;2*/;;;;;;;;;;;
17:17:52.740;->;/;191000;99936.33;30.00;30.21;39.201761;-8.137607;115.50;335.47;10.03;0;0;0.00;0.00;2*/;;;;;;;;;;;
17:17:53.740;->;/;192000;99936.55;30.00;30.23;39.201761;-8.137607;115.50;332.20;10.08;0;0;0.00;0.00;2*/;;;;;;;;;;;
17:17:54.739;->;/;193000;99936.62;30.00;30.25;39.201762;-8.137606;115.50;324.32;9.90;0;0;0.00;0.00;2*/;;;;;;;;;;;
17:17:55.740;->;/;194000;99936.63;30.00;30.26;39.201762;-8.137606;115.50;320.21;9.97;0;0;0.00;0.00;2*/;;;;;;;;;;;
17:17:56.739;->;/;195000;99936.39;30.00;30.28;39.201762;-8.137606;115.50;320.51;10.15;0;0;0.00;0.00;2*/;;;;;;;;;;;
17:17:57.739;->;/;196000;99936.58;30.00;30.29;39.201762;-8.137606;115.50;316.22;10.03;0;0;0.00;0.00;2*/;;;;;;;;;;;
17:17:58.740;->;/;197000;99936.67;30.00;30.31;39.201762;-8.137606;115.50;320.21;10.03;0;0;0.00;0.00;2*/;;;;;;;;;;;
17:17:59.740;->;/;198000;99936.24;30.00;30.32;39.201762;-8.137606;115.50;327.72;10.00;0;0;0.00;0.00;2*/;;;;;;;;;;;
17:18:00.739;->;/;199000;99937.09;30.00;30.33;39.201762;-8.137606;115.50;325.51;9.99;0;0;0.00;0.00;2*/;;;;;;;;;;;
17:18:01.739;->;/;200000;99937.22;30.00;30.35;39.201762;-8.137606;115.50;328.78;9.93;0;0;0.00;0.00;2*/;;;;;;;;;;;
17:18:02.740;->;/;201000;99937.21;30.00;30.36;39.201766;-8.137603;116.10;321.96;10.06;0;0;0.00;0.00;2*/;;;;;;;;;;;
17:18:03.740;->;/;202000;99936.98;30.00;30.37;39.201766;-8.137603;116.10;326.69;9.93;0;0;0.00;0.00;2*/;;;;;;;;;;;
17:18:04.739;->;/;203000;99936.75;30.00;30.39;39.201767;-8.137601;116.00;322.99;10.05;0;0;0.00;0.00;2*/;;;;;;;;;;;
17:18:05.739;->;/;204000;99936.90;30.00;30.40;39.201767;-8.137601;116.00;309.14;10.29;0;0;0.00;0.00;2*/;;;;;;;;;;;
17:18:06.739;->;/;205000;99936.58;30.00;30.41;39.201767;-8.137601;116.00;297.86;10.46;0;0;0.00;0.00;2*/;;;;;;;;;;;
17:18:07.739;->;/;206000;99937.23;30.00;30.43;39.201767;-8.137601;116.00;296.62;10.01;0;0;0.00;0.00;2*/;;;;;;;;;;;
17:18:08.739;->;/;207000;99936.42;30.00;30.45;39.201767;-8.137601;116.00;297.04;10.08;0;0;0.00;0.00;2*/;;;;;;;;;;;
17:18:09.739;->;/;208000;99935.99;30.00;30.46;39.201767;-8.137601;116.00;301.32;9.95;0;0;0.00;0.00;2*/;;;;;;;;;;;
17:18:10.739;->;/;209000;99936.44;30.00;30.46;39.201767;-8.137601;116.00;298.85;9.84;0;0;0.00;0.00;2*/;;;;;;;;;;;
17:18:11.739;->;/;210000;99935.55;30.00;30.48;39.201767;-8.137601;116.00;296.71;10.01;0;0;0.00;0.00;2*/;;;;;;;;;;;
17:18:12.740;->;/;211000;99935.39;30.00;30.49;39.201767;-8.137601;116.00;296.71;9.81;0;0;0.00;0.00;2*/;;;;;;;;;;;
17:18:13.739;->;/;212000;99934.48;30.00;30.50;39.201767;-8.137601;116.00;286.88;9.77;0;0;0.00;0.00;2*/;;;;;;;;;;;
17:18:14.739;->;/;213000;99935.08;30.00;30.52;39.201767;-8.137601;116.00;280.62;10.13;0;0;0.00;0.00;2*/;;;;;;;;;;;
17:18:15.740;->;/;214000;99936.01;30.00;30.53;39.201767;-8.137601;116.00;285.98;10.09;0;0;0.00;0.00;2*/;;;;;;;;;;;
17:18:16.750;->;/;215000;99936.81;30.00;30.53;39.201767;-8.137601;116.00;284.26;10.86;0;0;0.00;0.00;2*/;;;;;;;;;;;
17:18:17.739;->;/;216000;99937.59;30.00;30.53;39.201767;-8.137601;116.00;280.32;9.69;0;0;0.00;0.00;2*/;;;;;;;;;;;
17:18:18.739;->;/;217000;99937.05;30.00;30.54;39.201767;-8.137601;116.00;279.45;9.93;0;0;0.00;0.00;2*/;;;;;;;;;;;
17:18:19.739;->;/;218000;99937.23;30.00;30.55;39.201767;-8.137601;116.00;281.10;10.06;0;0;0.00;0.00;2*/;;;;;;;;;;;
17:18:20.739;->;/;219000;99936.94;30.00;30.55;39.201767;-8.137601;116.00;279.33;10.10;0;0;0.00;0.00;2*/;;;;;;;;;;;
17:18:21.738;->;/;220000;99937.03;30.00;30.55;39.201767;-8.137601;116.00;289.02;9.98;0;0;0.00;0.00;2*/;;;;;;;;;;;
17:18:22.738;->;/;221000;99936.54;30.00;30.57;39.201767;-8.137601;116.00;285.71;10.03;0;0;0.00;0.00;2*/;;;;;;;;;;;
17:18:23.739;->;/;222000;99936.14;30.50;30.58;39.201767;-8.137601;116.00;288.57;10.03;0;0;0.00;0.00;2*/;;;;;;;;;;;
17:18:24.739;->;/;223000;99936.05;30.50;30.60;39.201767;-8.137601;116.00;285.71;10.10;0;0;0.00;0.00;2*/;;;;;;;;;;;
17:18:25.738;->;/;224000;99936.56;30.50;30.61;39.201767;-8.137601;116.00;276.50;10.22;0;0;0.00;0.00;2*/;;;;;;;;;;;
17:18:26.739;->;/;225000;99937.49;30.50;30.63;39.201767;-8.137601;116.00;264.45;10.05;0;0;0.00;0.00;2*/;;;;;;;;;;;
17:18:27.739;->;/;226000;99938.46;30.50;30.64;39.201767;-8.137601;116.00;258.57;10.15;0;0;0.00;0.00;2*/;;;;;;;;;;;
17:18:28.739;->;/;227000;99939.43;30.50;30.66;39.201767;-8.137601;116.00;262.62;10.05;0;0;0.00;0.00;2*/;;;;;;;;;;;
17:18:29.739;->;/;228000;99939.16;30.50;30.67;39.201767;-8.137601;116.00;260.49;10.08;0;0;0.00;0.00;2*/;;;;;;;;;;;
17:18:30.739;->;/;229000;99939.59;30.50;30.69;39.201767;-8.137601;116.00;260.52;10.07;0;0;0.00;0.00;2*/;;;;;;;;;;;
17:18:31.738;->;/;230000;99939.64;30.50;30.71;39.201767;-8.137601;116.00;266.67;10.03;0;0;0.00;0.00;2*/;;;;;;;;;;;
17:18:32.738;->;/;231000;99939.87;30.50;30.71;39.201767;-8.137601;116.00;259.65;10.11;0;0;0.00;0.00;2*/;;;;;;;;;;;
17:18:33.739;->;/;232000;99940.28;30.50;30.72;39.201767;-8.137601;116.00;257.91;10.06;0;0;0.00;0.00;2*/;;;;;;;;;;;
17:18:34.739;->;/;233000;99940.14;30.50;30.75;39.201767;-8.137601;116.00;254.07;9.96;0;0;0.00;0.00;2*/;;;;;;;;;;;
17:18:35.738;->;/;234000;99939.76;30.50;30.76;39.201767;-8.137601;116.00;255.51;10.06;0;0;0.00;0.00;2*/;;;;;;;;;;;
17:18:36.738;->;/;235000;99939.65;30.50;30.76;39.201767;-8.137601;116.00;250.53;10.06;0;0;0.00;0.00;2*/;;;;;;;;;;;
17:18:37.739;->;/;236000;99939.51;30.50;30.77;39.201767;-8.137601;116.00;254.10;10.13;0;0;0.00;0.00;2*/;;;;;;;;;;;
17:18:38.738;->;/;237000;99939.50;30.50;30.79;39.201767;-8.137601;116.00;256.83;10.03;0;0;0.00;0.00;2*/;;;;;;;;;;;
17:18:39.739;->;/;238000;99939.64;30.50;30.80;39.201767;-8.137601;116.00;240.83;10.06;0;0;0.00;0.00;2*/;;;;;;;;;;;
17:18:40.739;->;/;239000;99939.00;30.50;30.80;39.201767;-8.137601;116.00;239.63;9.88;0;0;0.00;0.00;2*/;;;;;;;;;;;
17:18:41.738;->;/;240000;99939.37;30.50;30.80;39.201767;-8.137601;116.00;245.98;10.10;0;0;0.00;0.00;2*/;;;;;;;;;;;
17:18:42.738;->;/;241000;99938.46;30.50;30.82;39.201767;-8.137601;116.00;257.04;10.04;0;0;0.00;0.00;2*/;;;;;;;;;;;
17:18:43.739;->;/;242000;99937.62;30.50;30.83;39.201774;-8.137599;114.80;253.53;9.99;0;0;0.00;0.00;2*/;;;;;;;;;;;
17:18:46.035;->;/;243000;99936.81;30.50;30.83;39.201774;-8.137599;114.80;240.14;10.12;0;0;0.00;0.00;2*/;;;;;;;;;;;
17:18:46.035;->;/;244000;99936.08;30.50;30.84;39.201774;-8.137599;114.80;257.25;10.03;0;0;0.00;0.00;2*/;;;;;;;;;;;
